C:\Users\subha\Desktop\self-driving\IMG\center_2024_05_21_14_03_40_089.jpg,C:\Users\subha\Desktop\self-driving\IMG\left_2024_05_21_14_03_40_089.jpg,C:\Users\subha\Desktop\self-driving\IMG\right_2024_05_21_14_03_40_089.jpg,0,0,0,7.045998E-05
C:\Users\subha\Desktop\self-driving\IMG\center_2024_05_21_14_03_40_172.jpg,C:\Users\subha\Desktop\self-driving\IMG\left_2024_05_21_14_03_40_172.jpg,C:\Users\subha\Desktop\self-driving\IMG\right_2024_05_21_14_03_40_172.jpg,0,0,0,8.439676E-05
C:\Users\subha\Desktop\self-driving\IMG\center_2024_05_21_14_03_40_239.jpg,C:\Users\subha\Desktop\self-driving\IMG\left_2024_05_21_14_03_40_239.jpg,C:\Users\subha\Desktop\self-driving\IMG\right_2024_05_21_14_03_40_239.jpg,0,0,0,0.0001003644
C:\Users\subha\Desktop\self-driving\IMG\center_2024_05_21_14_03_40_312.jpg,C:\Users\subha\Desktop\self-driving\IMG\left_2024_05_21_14_03_40_312.jpg,C:\Users\subha\Desktop\self-driving\IMG\right_2024_05_21_14_03_40_312.jpg,0,0,0,0.0001216884
C:\Users\subha\Desktop\self-driving\IMG\center_2024_05_21_14_03_40_388.jpg,C:\Users\subha\Desktop\self-driving\IMG\left_2024_05_21_14_03_40_388.jpg,C:\Users\subha\Desktop\self-driving\IMG\right_2024_05_21_14_03_40_388.jpg,0,0,0,0.000184964
C:\Users\subha\Desktop\self-driving\IMG\center_2024_05_21_14_03_40_463.jpg,C:\Users\subha\Desktop\self-driving\IMG\left_2024_05_21_14_03_40_463.jpg,C:\Users\subha\Desktop\self-driving\IMG\right_2024_05_21_14_03_40_463.jpg,0,0,0,0.0002243172
C:\Users\subha\Desktop\self-driving\IMG\center_2024_05_21_14_03_40_541.jpg,C:\Users\subha\Desktop\self-driving\IMG\left_2024_05_21_14_03_40_541.jpg,C:\Users\subha\Desktop\self-driving\IMG\right_2024_05_21_14_03_40_541.jpg,0,0,0,2.169457E-05
C:\Users\subha\Desktop\self-driving\IMG\center_2024_05_21_14_03_40_618.jpg,C:\Users\subha\Desktop\self-driving\IMG\left_2024_05_21_14_03_40_618.jpg,C:\Users\subha\Desktop\self-driving\IMG\right_2024_05_21_14_03_40_618.jpg,0,0,0,5.503422E-05
C:\Users\subha\Desktop\self-driving\IMG\center_2024_05_21_14_03_40_696.jpg,C:\Users\subha\Desktop\self-driving\IMG\left_2024_05_21_14_03_40_696.jpg,C:\Users\subha\Desktop\self-driving\IMG\right_2024_05_21_14_03_40_696.jpg,0,0,0,7.286082E-05
C:\Users\subha\Desktop\self-driving\IMG\center_2024_05_21_14_03_40_772.jpg,C:\Users\subha\Desktop\self-driving\IMG\left_2024_05_21_14_03_40_772.jpg,C:\Users\subha\Desktop\self-driving\IMG\right_2024_05_21_14_03_40_772.jpg,0,0,0,9.085569E-06
C:\Users\subha\Desktop\self-driving\IMG\center_2024_05_21_14_03_40_847.jpg,C:\Users\subha\Desktop\self-driving\IMG\left_2024_05_21_14_03_40_847.jpg,C:\Users\subha\Desktop\self-driving\IMG\right_2024_05_21_14_03_40_847.jpg,0,0,0,2.589957E-05
C:\Users\subha\Desktop\self-driving\IMG\center_2024_05_21_14_03_40_923.jpg,C:\Users\subha\Desktop\self-driving\IMG\left_2024_05_21_14_03_40_923.jpg,C:\Users\subha\Desktop\self-driving\IMG\right_2024_05_21_14_03_40_923.jpg,0,0,0,0.0001165984
C:\Users\subha\Desktop\self-driving\IMG\center_2024_05_21_14_03_41_001.jpg,C:\Users\subha\Desktop\self-driving\IMG\left_2024_05_21_14_03_41_001.jpg,C:\Users\subha\Desktop\self-driving\IMG\right_2024_05_21_14_03_41_001.jpg,0,0,0,0.0001396855
C:\Users\subha\Desktop\self-driving\IMG\center_2024_05_21_14_03_41_069.jpg,C:\Users\subha\Desktop\self-driving\IMG\left_2024_05_21_14_03_41_069.jpg,C:\Users\subha\Desktop\self-driving\IMG\right_2024_05_21_14_03_41_069.jpg,0,0,0,0.0001957751
C:\Users\subha\Desktop\self-driving\IMG\center_2024_05_21_14_03_41_146.jpg,C:\Users\subha\Desktop\self-driving\IMG\left_2024_05_21_14_03_41_146.jpg,C:\Users\subha\Desktop\self-driving\IMG\right_2024_05_21_14_03_41_146.jpg,0,0,0,0.0002816333
C:\Users\subha\Desktop\self-driving\IMG\center_2024_05_21_14_03_41_215.jpg,C:\Users\subha\Desktop\self-driving\IMG\left_2024_05_21_14_03_41_215.jpg,C:\Users\subha\Desktop\self-driving\IMG\right_2024_05_21_14_03_41_215.jpg,0,0,0,3.739773E-05
C:\Users\subha\Desktop\self-driving\IMG\center_2024_05_21_14_03_41_294.jpg,C:\Users\subha\Desktop\self-driving\IMG\left_2024_05_21_14_03_41_294.jpg,C:\Users\subha\Desktop\self-driving\IMG\right_2024_05_21_14_03_41_294.jpg,0,0,0,4.462527E-05
C:\Users\subha\Desktop\self-driving\IMG\center_2024_05_21_14_03_41_369.jpg,C:\Users\subha\Desktop\self-driving\IMG\left_2024_05_21_14_03_41_369.jpg,C:\Users\subha\Desktop\self-driving\IMG\right_2024_05_21_14_03_41_369.jpg,0,0,0,6.903394E-05
C:\Users\subha\Desktop\self-driving\IMG\center_2024_05_21_14_03_41_445.jpg,C:\Users\subha\Desktop\self-driving\IMG\left_2024_05_21_14_03_41_445.jpg,C:\Users\subha\Desktop\self-driving\IMG\right_2024_05_21_14_03_41_445.jpg,0,0.07436369,0,0.03075376
C:\Users\subha\Desktop\self-driving\IMG\center_2024_05_21_14_03_41_519.jpg,C:\Users\subha\Desktop\self-driving\IMG\left_2024_05_21_14_03_41_519.jpg,C:\Users\subha\Desktop\self-driving\IMG\right_2024_05_21_14_03_41_519.jpg,0,0.3019047,0,0.2366264
C:\Users\subha\Desktop\self-driving\IMG\center_2024_05_21_14_03_41_596.jpg,C:\Users\subha\Desktop\self-driving\IMG\left_2024_05_21_14_03_41_596.jpg,C:\Users\subha\Desktop\self-driving\IMG\right_2024_05_21_14_03_41_596.jpg,0,0.5716289,0,0.6593543
C:\Users\subha\Desktop\self-driving\IMG\center_2024_05_21_14_03_41_663.jpg,C:\Users\subha\Desktop\self-driving\IMG\left_2024_05_21_14_03_41_663.jpg,C:\Users\subha\Desktop\self-driving\IMG\right_2024_05_21_14_03_41_663.jpg,0,0.7292516,0,1.148914
C:\Users\subha\Desktop\self-driving\IMG\center_2024_05_21_14_03_41_741.jpg,C:\Users\subha\Desktop\self-driving\IMG\left_2024_05_21_14_03_41_741.jpg,C:\Users\subha\Desktop\self-driving\IMG\right_2024_05_21_14_03_41_741.jpg,0,0.9624051,0,2.011333
C:\Users\subha\Desktop\self-driving\IMG\center_2024_05_21_14_03_41_819.jpg,C:\Users\subha\Desktop\self-driving\IMG\left_2024_05_21_14_03_41_819.jpg,C:\Users\subha\Desktop\self-driving\IMG\right_2024_05_21_14_03_41_819.jpg,0,1,0,2.947618
C:\Users\subha\Desktop\self-driving\IMG\center_2024_05_21_14_03_41_895.jpg,C:\Users\subha\Desktop\self-driving\IMG\left_2024_05_21_14_03_41_895.jpg,C:\Users\subha\Desktop\self-driving\IMG\right_2024_05_21_14_03_41_895.jpg,0,1,0,3.889501
C:\Users\subha\Desktop\self-driving\IMG\center_2024_05_21_14_03_41_973.jpg,C:\Users\subha\Desktop\self-driving\IMG\left_2024_05_21_14_03_41_973.jpg,C:\Users\subha\Desktop\self-driving\IMG\right_2024_05_21_14_03_41_973.jpg,0,1,0,4.8246
C:\Users\subha\Desktop\self-driving\IMG\center_2024_05_21_14_03_42_039.jpg,C:\Users\subha\Desktop\self-driving\IMG\left_2024_05_21_14_03_42_039.jpg,C:\Users\subha\Desktop\self-driving\IMG\right_2024_05_21_14_03_42_039.jpg,0,1,0,5.520588
C:\Users\subha\Desktop\self-driving\IMG\center_2024_05_21_14_03_42_118.jpg,C:\Users\subha\Desktop\self-driving\IMG\left_2024_05_21_14_03_42_118.jpg,C:\Users\subha\Desktop\self-driving\IMG\right_2024_05_21_14_03_42_118.jpg,0,1,0,6.442398
C:\Users\subha\Desktop\self-driving\IMG\center_2024_05_21_14_03_42_196.jpg,C:\Users\subha\Desktop\self-driving\IMG\left_2024_05_21_14_03_42_196.jpg,C:\Users\subha\Desktop\self-driving\IMG\right_2024_05_21_14_03_42_196.jpg,0,1,0,7.356881
C:\Users\subha\Desktop\self-driving\IMG\center_2024_05_21_14_03_42_267.jpg,C:\Users\subha\Desktop\self-driving\IMG\left_2024_05_21_14_03_42_267.jpg,C:\Users\subha\Desktop\self-driving\IMG\right_2024_05_21_14_03_42_267.jpg,0,1,0,8.264258
C:\Users\subha\Desktop\self-driving\IMG\center_2024_05_21_14_03_42_346.jpg,C:\Users\subha\Desktop\self-driving\IMG\left_2024_05_21_14_03_42_346.jpg,C:\Users\subha\Desktop\self-driving\IMG\right_2024_05_21_14_03_42_346.jpg,0,1,0,9.164627
C:\Users\subha\Desktop\self-driving\IMG\center_2024_05_21_14_03_42_414.jpg,C:\Users\subha\Desktop\self-driving\IMG\left_2024_05_21_14_03_42_414.jpg,C:\Users\subha\Desktop\self-driving\IMG\right_2024_05_21_14_03_42_414.jpg,0,1,0,9.835301
C:\Users\subha\Desktop\self-driving\IMG\center_2024_05_21_14_03_42_494.jpg,C:\Users\subha\Desktop\self-driving\IMG\left_2024_05_21_14_03_42_494.jpg,C:\Users\subha\Desktop\self-driving\IMG\right_2024_05_21_14_03_42_494.jpg,0,1,0,10.72337
C:\Users\subha\Desktop\self-driving\IMG\center_2024_05_21_14_03_42_561.jpg,C:\Users\subha\Desktop\self-driving\IMG\left_2024_05_21_14_03_42_561.jpg,C:\Users\subha\Desktop\self-driving\IMG\right_2024_05_21_14_03_42_561.jpg,0,1,0,11.38467
C:\Users\subha\Desktop\self-driving\IMG\center_2024_05_21_14_03_42_628.jpg,C:\Users\subha\Desktop\self-driving\IMG\left_2024_05_21_14_03_42_628.jpg,C:\Users\subha\Desktop\self-driving\IMG\right_2024_05_21_14_03_42_628.jpg,0,1,0,12.01236
C:\Users\subha\Desktop\self-driving\IMG\center_2024_05_21_14_03_42_705.jpg,C:\Users\subha\Desktop\self-driving\IMG\left_2024_05_21_14_03_42_705.jpg,C:\Users\subha\Desktop\self-driving\IMG\right_2024_05_21_14_03_42_705.jpg,0,1,0,12.88514
C:\Users\subha\Desktop\self-driving\IMG\center_2024_05_21_14_03_42_773.jpg,C:\Users\subha\Desktop\self-driving\IMG\left_2024_05_21_14_03_42_773.jpg,C:\Users\subha\Desktop\self-driving\IMG\right_2024_05_21_14_03_42_773.jpg,0,1,0,13.85517
C:\Users\subha\Desktop\self-driving\IMG\center_2024_05_21_14_03_42_844.jpg,C:\Users\subha\Desktop\self-driving\IMG\left_2024_05_21_14_03_42_844.jpg,C:\Users\subha\Desktop\self-driving\IMG\right_2024_05_21_14_03_42_844.jpg,0,1,0,14.25563
C:\Users\subha\Desktop\self-driving\IMG\center_2024_05_21_14_03_42_918.jpg,C:\Users\subha\Desktop\self-driving\IMG\left_2024_05_21_14_03_42_918.jpg,C:\Users\subha\Desktop\self-driving\IMG\right_2024_05_21_14_03_42_918.jpg,0,1,0,15.13117
C:\Users\subha\Desktop\self-driving\IMG\center_2024_05_21_14_03_42_987.jpg,C:\Users\subha\Desktop\self-driving\IMG\left_2024_05_21_14_03_42_987.jpg,C:\Users\subha\Desktop\self-driving\IMG\right_2024_05_21_14_03_42_987.jpg,0,1,0,15.99059
C:\Users\subha\Desktop\self-driving\IMG\center_2024_05_21_14_03_43_068.jpg,C:\Users\subha\Desktop\self-driving\IMG\left_2024_05_21_14_03_43_068.jpg,C:\Users\subha\Desktop\self-driving\IMG\right_2024_05_21_14_03_43_068.jpg,0,1,0,16.83718
C:\Users\subha\Desktop\self-driving\IMG\center_2024_05_21_14_03_43_137.jpg,C:\Users\subha\Desktop\self-driving\IMG\left_2024_05_21_14_03_43_137.jpg,C:\Users\subha\Desktop\self-driving\IMG\right_2024_05_21_14_03_43_137.jpg,0,1,0,17.678
C:\Users\subha\Desktop\self-driving\IMG\center_2024_05_21_14_03_43_216.jpg,C:\Users\subha\Desktop\self-driving\IMG\left_2024_05_21_14_03_43_216.jpg,C:\Users\subha\Desktop\self-driving\IMG\right_2024_05_21_14_03_43_216.jpg,0,1,0,18.4926
C:\Users\subha\Desktop\self-driving\IMG\center_2024_05_21_14_03_43_293.jpg,C:\Users\subha\Desktop\self-driving\IMG\left_2024_05_21_14_03_43_293.jpg,C:\Users\subha\Desktop\self-driving\IMG\right_2024_05_21_14_03_43_293.jpg,0,1,0,19.29991
C:\Users\subha\Desktop\self-driving\IMG\center_2024_05_21_14_03_43_367.jpg,C:\Users\subha\Desktop\self-driving\IMG\left_2024_05_21_14_03_43_367.jpg,C:\Users\subha\Desktop\self-driving\IMG\right_2024_05_21_14_03_43_367.jpg,0,1,0,20.10117
C:\Users\subha\Desktop\self-driving\IMG\center_2024_05_21_14_03_43_443.jpg,C:\Users\subha\Desktop\self-driving\IMG\left_2024_05_21_14_03_43_443.jpg,C:\Users\subha\Desktop\self-driving\IMG\right_2024_05_21_14_03_43_443.jpg,0,1,0,20.60649
C:\Users\subha\Desktop\self-driving\IMG\center_2024_05_21_14_03_43_517.jpg,C:\Users\subha\Desktop\self-driving\IMG\left_2024_05_21_14_03_43_517.jpg,C:\Users\subha\Desktop\self-driving\IMG\right_2024_05_21_14_03_43_517.jpg,0,1,0,21.42336
C:\Users\subha\Desktop\self-driving\IMG\center_2024_05_21_14_03_43_589.jpg,C:\Users\subha\Desktop\self-driving\IMG\left_2024_05_21_14_03_43_589.jpg,C:\Users\subha\Desktop\self-driving\IMG\right_2024_05_21_14_03_43_589.jpg,0,1,0,22.23203
C:\Users\subha\Desktop\self-driving\IMG\center_2024_05_21_14_03_43_663.jpg,C:\Users\subha\Desktop\self-driving\IMG\left_2024_05_21_14_03_43_663.jpg,C:\Users\subha\Desktop\self-driving\IMG\right_2024_05_21_14_03_43_663.jpg,0,1,0,22.85424
C:\Users\subha\Desktop\self-driving\IMG\center_2024_05_21_14_03_43_737.jpg,C:\Users\subha\Desktop\self-driving\IMG\left_2024_05_21_14_03_43_737.jpg,C:\Users\subha\Desktop\self-driving\IMG\right_2024_05_21_14_03_43_737.jpg,0,1,0,23.6313
C:\Users\subha\Desktop\self-driving\IMG\center_2024_05_21_14_03_43_810.jpg,C:\Users\subha\Desktop\self-driving\IMG\left_2024_05_21_14_03_43_810.jpg,C:\Users\subha\Desktop\self-driving\IMG\right_2024_05_21_14_03_43_810.jpg,0,1,0,24.40556
C:\Users\subha\Desktop\self-driving\IMG\center_2024_05_21_14_03_43_885.jpg,C:\Users\subha\Desktop\self-driving\IMG\left_2024_05_21_14_03_43_885.jpg,C:\Users\subha\Desktop\self-driving\IMG\right_2024_05_21_14_03_43_885.jpg,0,1,0,24.9828
C:\Users\subha\Desktop\self-driving\IMG\center_2024_05_21_14_03_43_953.jpg,C:\Users\subha\Desktop\self-driving\IMG\left_2024_05_21_14_03_43_953.jpg,C:\Users\subha\Desktop\self-driving\IMG\right_2024_05_21_14_03_43_953.jpg,0,1,0,25.74953
C:\Users\subha\Desktop\self-driving\IMG\center_2024_05_21_14_03_44_021.jpg,C:\Users\subha\Desktop\self-driving\IMG\left_2024_05_21_14_03_44_021.jpg,C:\Users\subha\Desktop\self-driving\IMG\right_2024_05_21_14_03_44_021.jpg,0,1,0,26.32014
C:\Users\subha\Desktop\self-driving\IMG\center_2024_05_21_14_03_44_091.jpg,C:\Users\subha\Desktop\self-driving\IMG\left_2024_05_21_14_03_44_091.jpg,C:\Users\subha\Desktop\self-driving\IMG\right_2024_05_21_14_03_44_091.jpg,0,1,0,27.07587
C:\Users\subha\Desktop\self-driving\IMG\center_2024_05_21_14_03_44_171.jpg,C:\Users\subha\Desktop\self-driving\IMG\left_2024_05_21_14_03_44_171.jpg,C:\Users\subha\Desktop\self-driving\IMG\right_2024_05_21_14_03_44_171.jpg,0,1,0,27.82542
C:\Users\subha\Desktop\self-driving\IMG\center_2024_05_21_14_03_44_239.jpg,C:\Users\subha\Desktop\self-driving\IMG\left_2024_05_21_14_03_44_239.jpg,C:\Users\subha\Desktop\self-driving\IMG\right_2024_05_21_14_03_44_239.jpg,0,1,0,28.38364
C:\Users\subha\Desktop\self-driving\IMG\center_2024_05_21_14_03_44_308.jpg,C:\Users\subha\Desktop\self-driving\IMG\left_2024_05_21_14_03_44_308.jpg,C:\Users\subha\Desktop\self-driving\IMG\right_2024_05_21_14_03_44_308.jpg,0,0.8739313,0,29.10056
C:\Users\subha\Desktop\self-driving\IMG\center_2024_05_21_14_03_44_387.jpg,C:\Users\subha\Desktop\self-driving\IMG\left_2024_05_21_14_03_44_387.jpg,C:\Users\subha\Desktop\self-driving\IMG\right_2024_05_21_14_03_44_387.jpg,0,0.6367441,0,29.59945
C:\Users\subha\Desktop\self-driving\IMG\center_2024_05_21_14_03_44_463.jpg,C:\Users\subha\Desktop\self-driving\IMG\left_2024_05_21_14_03_44_463.jpg,C:\Users\subha\Desktop\self-driving\IMG\right_2024_05_21_14_03_44_463.jpg,0,0.4453519,0,29.82823
C:\Users\subha\Desktop\self-driving\IMG\center_2024_05_21_14_03_44_542.jpg,C:\Users\subha\Desktop\self-driving\IMG\left_2024_05_21_14_03_44_542.jpg,C:\Users\subha\Desktop\self-driving\IMG\right_2024_05_21_14_03_44_542.jpg,0,0.2101759,0,29.92035
C:\Users\subha\Desktop\self-driving\IMG\center_2024_05_21_14_03_44_618.jpg,C:\Users\subha\Desktop\self-driving\IMG\left_2024_05_21_14_03_44_618.jpg,C:\Users\subha\Desktop\self-driving\IMG\right_2024_05_21_14_03_44_618.jpg,0,0,0,29.77088
C:\Users\subha\Desktop\self-driving\IMG\center_2024_05_21_14_03_44_694.jpg,C:\Users\subha\Desktop\self-driving\IMG\left_2024_05_21_14_03_44_694.jpg,C:\Users\subha\Desktop\self-driving\IMG\right_2024_05_21_14_03_44_694.jpg,0,0.134946,0,29.55295
C:\Users\subha\Desktop\self-driving\IMG\center_2024_05_21_14_03_44_768.jpg,C:\Users\subha\Desktop\self-driving\IMG\left_2024_05_21_14_03_44_768.jpg,C:\Users\subha\Desktop\self-driving\IMG\right_2024_05_21_14_03_44_768.jpg,0,0.3567477,0,29.54491
C:\Users\subha\Desktop\self-driving\IMG\center_2024_05_21_14_03_44_844.jpg,C:\Users\subha\Desktop\self-driving\IMG\left_2024_05_21_14_03_44_844.jpg,C:\Users\subha\Desktop\self-driving\IMG\right_2024_05_21_14_03_44_844.jpg,0,0.5434163,0,29.6882
C:\Users\subha\Desktop\self-driving\IMG\center_2024_05_21_14_03_44_918.jpg,C:\Users\subha\Desktop\self-driving\IMG\left_2024_05_21_14_03_44_918.jpg,C:\Users\subha\Desktop\self-driving\IMG\right_2024_05_21_14_03_44_918.jpg,0,0.7703415,0,30.07549
C:\Users\subha\Desktop\self-driving\IMG\center_2024_05_21_14_03_44_990.jpg,C:\Users\subha\Desktop\self-driving\IMG\left_2024_05_21_14_03_44_990.jpg,C:\Users\subha\Desktop\self-driving\IMG\right_2024_05_21_14_03_44_990.jpg,0,0.8244671,0,30.15982
C:\Users\subha\Desktop\self-driving\IMG\center_2024_05_21_14_03_45_058.jpg,C:\Users\subha\Desktop\self-driving\IMG\left_2024_05_21_14_03_45_058.jpg,C:\Users\subha\Desktop\self-driving\IMG\right_2024_05_21_14_03_45_058.jpg,0,0.7053776,0,30.12593
C:\Users\subha\Desktop\self-driving\IMG\center_2024_05_21_14_03_45_130.jpg,C:\Users\subha\Desktop\self-driving\IMG\left_2024_05_21_14_03_45_130.jpg,C:\Users\subha\Desktop\self-driving\IMG\right_2024_05_21_14_03_45_130.jpg,0,0.4617048,0,30.064
C:\Users\subha\Desktop\self-driving\IMG\center_2024_05_21_14_03_45_202.jpg,C:\Users\subha\Desktop\self-driving\IMG\left_2024_05_21_14_03_45_202.jpg,C:\Users\subha\Desktop\self-driving\IMG\right_2024_05_21_14_03_45_202.jpg,0,0.2702253,0,30.01868
C:\Users\subha\Desktop\self-driving\IMG\center_2024_05_21_14_03_45_274.jpg,C:\Users\subha\Desktop\self-driving\IMG\left_2024_05_21_14_03_45_274.jpg,C:\Users\subha\Desktop\self-driving\IMG\right_2024_05_21_14_03_45_274.jpg,0,0.0289995,0,29.91589
C:\Users\subha\Desktop\self-driving\IMG\center_2024_05_21_14_03_45_345.jpg,C:\Users\subha\Desktop\self-driving\IMG\left_2024_05_21_14_03_45_345.jpg,C:\Users\subha\Desktop\self-driving\IMG\right_2024_05_21_14_03_45_345.jpg,0,0,0,29.73808
C:\Users\subha\Desktop\self-driving\IMG\center_2024_05_21_14_03_45_416.jpg,C:\Users\subha\Desktop\self-driving\IMG\left_2024_05_21_14_03_45_416.jpg,C:\Users\subha\Desktop\self-driving\IMG\right_2024_05_21_14_03_45_416.jpg,0,0.0915393,0,29.49889
C:\Users\subha\Desktop\self-driving\IMG\center_2024_05_21_14_03_45_493.jpg,C:\Users\subha\Desktop\self-driving\IMG\left_2024_05_21_14_03_45_493.jpg,C:\Users\subha\Desktop\self-driving\IMG\right_2024_05_21_14_03_45_493.jpg,0.15,0.3224691,0,29.35554
C:\Users\subha\Desktop\self-driving\IMG\center_2024_05_21_14_03_45_563.jpg,C:\Users\subha\Desktop\self-driving\IMG\left_2024_05_21_14_03_45_563.jpg,C:\Users\subha\Desktop\self-driving\IMG\right_2024_05_21_14_03_45_563.jpg,0.3,0.4952646,0,28.87487
C:\Users\subha\Desktop\self-driving\IMG\center_2024_05_21_14_03_45_635.jpg,C:\Users\subha\Desktop\self-driving\IMG\left_2024_05_21_14_03_45_635.jpg,C:\Users\subha\Desktop\self-driving\IMG\right_2024_05_21_14_03_45_635.jpg,0.5000001,0.744786,0,29.26809
C:\Users\subha\Desktop\self-driving\IMG\center_2024_05_21_14_03_45_710.jpg,C:\Users\subha\Desktop\self-driving\IMG\left_2024_05_21_14_03_45_710.jpg,C:\Users\subha\Desktop\self-driving\IMG\right_2024_05_21_14_03_45_710.jpg,0.7,0.9673167,0,27.82021
C:\Users\subha\Desktop\self-driving\IMG\center_2024_05_21_14_03_45_777.jpg,C:\Users\subha\Desktop\self-driving\IMG\left_2024_05_21_14_03_45_777.jpg,C:\Users\subha\Desktop\self-driving\IMG\right_2024_05_21_14_03_45_777.jpg,0.8500001,1,0,27.6525
C:\Users\subha\Desktop\self-driving\IMG\center_2024_05_21_14_03_45_854.jpg,C:\Users\subha\Desktop\self-driving\IMG\left_2024_05_21_14_03_45_854.jpg,C:\Users\subha\Desktop\self-driving\IMG\right_2024_05_21_14_03_45_854.jpg,0,1,0,27.49837
C:\Users\subha\Desktop\self-driving\IMG\center_2024_05_21_14_03_45_921.jpg,C:\Users\subha\Desktop\self-driving\IMG\left_2024_05_21_14_03_45_921.jpg,C:\Users\subha\Desktop\self-driving\IMG\right_2024_05_21_14_03_45_921.jpg,0,0.8299627,0,27.78995
C:\Users\subha\Desktop\self-driving\IMG\center_2024_05_21_14_03_45_988.jpg,C:\Users\subha\Desktop\self-driving\IMG\left_2024_05_21_14_03_45_988.jpg,C:\Users\subha\Desktop\self-driving\IMG\right_2024_05_21_14_03_45_988.jpg,0,0.5980265,0,27.27061
C:\Users\subha\Desktop\self-driving\IMG\center_2024_05_21_14_03_46_061.jpg,C:\Users\subha\Desktop\self-driving\IMG\left_2024_05_21_14_03_46_061.jpg,C:\Users\subha\Desktop\self-driving\IMG\right_2024_05_21_14_03_46_061.jpg,0,0.4123595,0,27.38784
C:\Users\subha\Desktop\self-driving\IMG\center_2024_05_21_14_03_46_133.jpg,C:\Users\subha\Desktop\self-driving\IMG\left_2024_05_21_14_03_46_133.jpg,C:\Users\subha\Desktop\self-driving\IMG\right_2024_05_21_14_03_46_133.jpg,0,0.1636052,0,27.01189
C:\Users\subha\Desktop\self-driving\IMG\center_2024_05_21_14_03_46_203.jpg,C:\Users\subha\Desktop\self-driving\IMG\left_2024_05_21_14_03_46_203.jpg,C:\Users\subha\Desktop\self-driving\IMG\right_2024_05_21_14_03_46_203.jpg,0,0,0,26.51073
C:\Users\subha\Desktop\self-driving\IMG\center_2024_05_21_14_03_46_276.jpg,C:\Users\subha\Desktop\self-driving\IMG\left_2024_05_21_14_03_46_276.jpg,C:\Users\subha\Desktop\self-driving\IMG\right_2024_05_21_14_03_46_276.jpg,0,0.0695274,0,25.90453
C:\Users\subha\Desktop\self-driving\IMG\center_2024_05_21_14_03_46_345.jpg,C:\Users\subha\Desktop\self-driving\IMG\left_2024_05_21_14_03_46_345.jpg,C:\Users\subha\Desktop\self-driving\IMG\right_2024_05_21_14_03_46_345.jpg,0.1,0.2776608,0,25.55043
C:\Users\subha\Desktop\self-driving\IMG\center_2024_05_21_14_03_46_414.jpg,C:\Users\subha\Desktop\self-driving\IMG\left_2024_05_21_14_03_46_414.jpg,C:\Users\subha\Desktop\self-driving\IMG\right_2024_05_21_14_03_46_414.jpg,0.3,0.5100009,0,25.22822
C:\Users\subha\Desktop\self-driving\IMG\center_2024_05_21_14_03_46_491.jpg,C:\Users\subha\Desktop\self-driving\IMG\left_2024_05_21_14_03_46_491.jpg,C:\Users\subha\Desktop\self-driving\IMG\right_2024_05_21_14_03_46_491.jpg,0,0.6720792,0,25.23352
C:\Users\subha\Desktop\self-driving\IMG\center_2024_05_21_14_03_46_558.jpg,C:\Users\subha\Desktop\self-driving\IMG\left_2024_05_21_14_03_46_558.jpg,C:\Users\subha\Desktop\self-driving\IMG\right_2024_05_21_14_03_46_558.jpg,0,0.5017855,0,25.20287
C:\Users\subha\Desktop\self-driving\IMG\center_2024_05_21_14_03_46_629.jpg,C:\Users\subha\Desktop\self-driving\IMG\left_2024_05_21_14_03_46_629.jpg,C:\Users\subha\Desktop\self-driving\IMG\right_2024_05_21_14_03_46_629.jpg,0,0.2595187,0,24.88017
C:\Users\subha\Desktop\self-driving\IMG\center_2024_05_21_14_03_46_699.jpg,C:\Users\subha\Desktop\self-driving\IMG\left_2024_05_21_14_03_46_699.jpg,C:\Users\subha\Desktop\self-driving\IMG\right_2024_05_21_14_03_46_699.jpg,0,0.07407164,0,24.59877
C:\Users\subha\Desktop\self-driving\IMG\center_2024_05_21_14_03_46_769.jpg,C:\Users\subha\Desktop\self-driving\IMG\left_2024_05_21_14_03_46_769.jpg,C:\Users\subha\Desktop\self-driving\IMG\right_2024_05_21_14_03_46_769.jpg,0,0,0,23.94231
C:\Users\subha\Desktop\self-driving\IMG\center_2024_05_21_14_03_46_840.jpg,C:\Users\subha\Desktop\self-driving\IMG\left_2024_05_21_14_03_46_840.jpg,C:\Users\subha\Desktop\self-driving\IMG\right_2024_05_21_14_03_46_840.jpg,0,0,0,23.24952
C:\Users\subha\Desktop\self-driving\IMG\center_2024_05_21_14_03_46_913.jpg,C:\Users\subha\Desktop\self-driving\IMG\left_2024_05_21_14_03_46_913.jpg,C:\Users\subha\Desktop\self-driving\IMG\right_2024_05_21_14_03_46_913.jpg,0,0,0,22.65131
C:\Users\subha\Desktop\self-driving\IMG\center_2024_05_21_14_03_46_983.jpg,C:\Users\subha\Desktop\self-driving\IMG\left_2024_05_21_14_03_46_983.jpg,C:\Users\subha\Desktop\self-driving\IMG\right_2024_05_21_14_03_46_983.jpg,0,0,0,22.06138
C:\Users\subha\Desktop\self-driving\IMG\center_2024_05_21_14_03_47_053.jpg,C:\Users\subha\Desktop\self-driving\IMG\left_2024_05_21_14_03_47_053.jpg,C:\Users\subha\Desktop\self-driving\IMG\right_2024_05_21_14_03_47_053.jpg,0,0,0,21.40573
C:\Users\subha\Desktop\self-driving\IMG\center_2024_05_21_14_03_47_123.jpg,C:\Users\subha\Desktop\self-driving\IMG\left_2024_05_21_14_03_47_123.jpg,C:\Users\subha\Desktop\self-driving\IMG\right_2024_05_21_14_03_47_123.jpg,0,0,0,20.74673
C:\Users\subha\Desktop\self-driving\IMG\center_2024_05_21_14_03_47_193.jpg,C:\Users\subha\Desktop\self-driving\IMG\left_2024_05_21_14_03_47_193.jpg,C:\Users\subha\Desktop\self-driving\IMG\right_2024_05_21_14_03_47_193.jpg,0,0,0,20.21701
C:\Users\subha\Desktop\self-driving\IMG\center_2024_05_21_14_03_47_261.jpg,C:\Users\subha\Desktop\self-driving\IMG\left_2024_05_21_14_03_47_261.jpg,C:\Users\subha\Desktop\self-driving\IMG\right_2024_05_21_14_03_47_261.jpg,0,0,0,19.86225
C:\Users\subha\Desktop\self-driving\IMG\center_2024_05_21_14_03_47_329.jpg,C:\Users\subha\Desktop\self-driving\IMG\left_2024_05_21_14_03_47_329.jpg,C:\Users\subha\Desktop\self-driving\IMG\right_2024_05_21_14_03_47_329.jpg,0,0,0,19.2725
C:\Users\subha\Desktop\self-driving\IMG\center_2024_05_21_14_03_47_403.jpg,C:\Users\subha\Desktop\self-driving\IMG\left_2024_05_21_14_03_47_403.jpg,C:\Users\subha\Desktop\self-driving\IMG\right_2024_05_21_14_03_47_403.jpg,0,0,0,18.98884
C:\Users\subha\Desktop\self-driving\IMG\center_2024_05_21_14_03_47_472.jpg,C:\Users\subha\Desktop\self-driving\IMG\left_2024_05_21_14_03_47_472.jpg,C:\Users\subha\Desktop\self-driving\IMG\right_2024_05_21_14_03_47_472.jpg,0,0,0,18.57728
C:\Users\subha\Desktop\self-driving\IMG\center_2024_05_21_14_03_47_547.jpg,C:\Users\subha\Desktop\self-driving\IMG\left_2024_05_21_14_03_47_547.jpg,C:\Users\subha\Desktop\self-driving\IMG\right_2024_05_21_14_03_47_547.jpg,0,0,0,18.26425
C:\Users\subha\Desktop\self-driving\IMG\center_2024_05_21_14_03_47_620.jpg,C:\Users\subha\Desktop\self-driving\IMG\left_2024_05_21_14_03_47_620.jpg,C:\Users\subha\Desktop\self-driving\IMG\right_2024_05_21_14_03_47_620.jpg,0,0,0,18.11329
C:\Users\subha\Desktop\self-driving\IMG\center_2024_05_21_14_03_47_690.jpg,C:\Users\subha\Desktop\self-driving\IMG\left_2024_05_21_14_03_47_690.jpg,C:\Users\subha\Desktop\self-driving\IMG\right_2024_05_21_14_03_47_690.jpg,0,0,0,17.85632
C:\Users\subha\Desktop\self-driving\IMG\center_2024_05_21_14_03_47_758.jpg,C:\Users\subha\Desktop\self-driving\IMG\left_2024_05_21_14_03_47_758.jpg,C:\Users\subha\Desktop\self-driving\IMG\right_2024_05_21_14_03_47_758.jpg,0,0,0,17.77623
C:\Users\subha\Desktop\self-driving\IMG\center_2024_05_21_14_03_47_830.jpg,C:\Users\subha\Desktop\self-driving\IMG\left_2024_05_21_14_03_47_830.jpg,C:\Users\subha\Desktop\self-driving\IMG\right_2024_05_21_14_03_47_830.jpg,0,0,0,17.60428
C:\Users\subha\Desktop\self-driving\IMG\center_2024_05_21_14_03_47_899.jpg,C:\Users\subha\Desktop\self-driving\IMG\left_2024_05_21_14_03_47_899.jpg,C:\Users\subha\Desktop\self-driving\IMG\right_2024_05_21_14_03_47_899.jpg,0,0,0,17.48717
C:\Users\subha\Desktop\self-driving\IMG\center_2024_05_21_14_03_47_971.jpg,C:\Users\subha\Desktop\self-driving\IMG\left_2024_05_21_14_03_47_971.jpg,C:\Users\subha\Desktop\self-driving\IMG\right_2024_05_21_14_03_47_971.jpg,0,0,0,17.32992
C:\Users\subha\Desktop\self-driving\IMG\center_2024_05_21_14_03_48_041.jpg,C:\Users\subha\Desktop\self-driving\IMG\left_2024_05_21_14_03_48_041.jpg,C:\Users\subha\Desktop\self-driving\IMG\right_2024_05_21_14_03_48_041.jpg,0,0.1572072,0,17.30172
C:\Users\subha\Desktop\self-driving\IMG\center_2024_05_21_14_03_48_110.jpg,C:\Users\subha\Desktop\self-driving\IMG\left_2024_05_21_14_03_48_110.jpg,C:\Users\subha\Desktop\self-driving\IMG\right_2024_05_21_14_03_48_110.jpg,0,0.3960486,0,17.41609
C:\Users\subha\Desktop\self-driving\IMG\center_2024_05_21_14_03_48_181.jpg,C:\Users\subha\Desktop\self-driving\IMG\left_2024_05_21_14_03_48_181.jpg,C:\Users\subha\Desktop\self-driving\IMG\right_2024_05_21_14_03_48_181.jpg,0,0.5660727,0,17.67014
C:\Users\subha\Desktop\self-driving\IMG\center_2024_05_21_14_03_48_253.jpg,C:\Users\subha\Desktop\self-driving\IMG\left_2024_05_21_14_03_48_253.jpg,C:\Users\subha\Desktop\self-driving\IMG\right_2024_05_21_14_03_48_253.jpg,0,0.8241192,0,18.2177
C:\Users\subha\Desktop\self-driving\IMG\center_2024_05_21_14_03_48_322.jpg,C:\Users\subha\Desktop\self-driving\IMG\left_2024_05_21_14_03_48_322.jpg,C:\Users\subha\Desktop\self-driving\IMG\right_2024_05_21_14_03_48_322.jpg,0,1,0,18.77935
C:\Users\subha\Desktop\self-driving\IMG\center_2024_05_21_14_03_48_394.jpg,C:\Users\subha\Desktop\self-driving\IMG\left_2024_05_21_14_03_48_394.jpg,C:\Users\subha\Desktop\self-driving\IMG\right_2024_05_21_14_03_48_394.jpg,0,1,0,19.60483
C:\Users\subha\Desktop\self-driving\IMG\center_2024_05_21_14_03_48_465.jpg,C:\Users\subha\Desktop\self-driving\IMG\left_2024_05_21_14_03_48_465.jpg,C:\Users\subha\Desktop\self-driving\IMG\right_2024_05_21_14_03_48_465.jpg,0,1,0,20.21607
C:\Users\subha\Desktop\self-driving\IMG\center_2024_05_21_14_03_48_543.jpg,C:\Users\subha\Desktop\self-driving\IMG\left_2024_05_21_14_03_48_543.jpg,C:\Users\subha\Desktop\self-driving\IMG\right_2024_05_21_14_03_48_543.jpg,0,1,0,21.02254
C:\Users\subha\Desktop\self-driving\IMG\center_2024_05_21_14_03_48_613.jpg,C:\Users\subha\Desktop\self-driving\IMG\left_2024_05_21_14_03_48_613.jpg,C:\Users\subha\Desktop\self-driving\IMG\right_2024_05_21_14_03_48_613.jpg,0,1,0,21.82183
C:\Users\subha\Desktop\self-driving\IMG\center_2024_05_21_14_03_48_681.jpg,C:\Users\subha\Desktop\self-driving\IMG\left_2024_05_21_14_03_48_681.jpg,C:\Users\subha\Desktop\self-driving\IMG\right_2024_05_21_14_03_48_681.jpg,0,1,0,22.41683
C:\Users\subha\Desktop\self-driving\IMG\center_2024_05_21_14_03_48_751.jpg,C:\Users\subha\Desktop\self-driving\IMG\left_2024_05_21_14_03_48_751.jpg,C:\Users\subha\Desktop\self-driving\IMG\right_2024_05_21_14_03_48_751.jpg,0.15,1,0,23.1956
C:\Users\subha\Desktop\self-driving\IMG\center_2024_05_21_14_03_48_821.jpg,C:\Users\subha\Desktop\self-driving\IMG\left_2024_05_21_14_03_48_821.jpg,C:\Users\subha\Desktop\self-driving\IMG\right_2024_05_21_14_03_48_821.jpg,0.3,1,0,23.74178
C:\Users\subha\Desktop\self-driving\IMG\center_2024_05_21_14_03_48_891.jpg,C:\Users\subha\Desktop\self-driving\IMG\left_2024_05_21_14_03_48_891.jpg,C:\Users\subha\Desktop\self-driving\IMG\right_2024_05_21_14_03_48_891.jpg,0.5000001,1,0,24.40097
C:\Users\subha\Desktop\self-driving\IMG\center_2024_05_21_14_03_48_957.jpg,C:\Users\subha\Desktop\self-driving\IMG\left_2024_05_21_14_03_48_957.jpg,C:\Users\subha\Desktop\self-driving\IMG\right_2024_05_21_14_03_48_957.jpg,0.6500001,1,0,24.8406
C:\Users\subha\Desktop\self-driving\IMG\center_2024_05_21_14_03_49_027.jpg,C:\Users\subha\Desktop\self-driving\IMG\left_2024_05_21_14_03_49_027.jpg,C:\Users\subha\Desktop\self-driving\IMG\right_2024_05_21_14_03_49_027.jpg,0.8500001,1,0,25.35244
C:\Users\subha\Desktop\self-driving\IMG\center_2024_05_21_14_03_49_094.jpg,C:\Users\subha\Desktop\self-driving\IMG\left_2024_05_21_14_03_49_094.jpg,C:\Users\subha\Desktop\self-driving\IMG\right_2024_05_21_14_03_49_094.jpg,1,1,0,25.68562
C:\Users\subha\Desktop\self-driving\IMG\center_2024_05_21_14_03_49_167.jpg,C:\Users\subha\Desktop\self-driving\IMG\left_2024_05_21_14_03_49_167.jpg,C:\Users\subha\Desktop\self-driving\IMG\right_2024_05_21_14_03_49_167.jpg,1,1,0,26.17192
C:\Users\subha\Desktop\self-driving\IMG\center_2024_05_21_14_03_49_241.jpg,C:\Users\subha\Desktop\self-driving\IMG\left_2024_05_21_14_03_49_241.jpg,C:\Users\subha\Desktop\self-driving\IMG\right_2024_05_21_14_03_49_241.jpg,1,1,0,26.59156
C:\Users\subha\Desktop\self-driving\IMG\center_2024_05_21_14_03_49_311.jpg,C:\Users\subha\Desktop\self-driving\IMG\left_2024_05_21_14_03_49_311.jpg,C:\Users\subha\Desktop\self-driving\IMG\right_2024_05_21_14_03_49_311.jpg,0,1,0,27.21581
C:\Users\subha\Desktop\self-driving\IMG\center_2024_05_21_14_03_49_424.jpg,C:\Users\subha\Desktop\self-driving\IMG\left_2024_05_21_14_03_49_424.jpg,C:\Users\subha\Desktop\self-driving\IMG\right_2024_05_21_14_03_49_424.jpg,0,0.8526685,0,27.97993
C:\Users\subha\Desktop\self-driving\IMG\center_2024_05_21_14_03_49_492.jpg,C:\Users\subha\Desktop\self-driving\IMG\left_2024_05_21_14_03_49_492.jpg,C:\Users\subha\Desktop\self-driving\IMG\right_2024_05_21_14_03_49_492.jpg,0,0.6494998,0,28.48495
C:\Users\subha\Desktop\self-driving\IMG\center_2024_05_21_14_03_49_561.jpg,C:\Users\subha\Desktop\self-driving\IMG\left_2024_05_21_14_03_49_561.jpg,C:\Users\subha\Desktop\self-driving\IMG\right_2024_05_21_14_03_49_561.jpg,0,0.4711009,0,28.72372
C:\Users\subha\Desktop\self-driving\IMG\center_2024_05_21_14_03_49_630.jpg,C:\Users\subha\Desktop\self-driving\IMG\left_2024_05_21_14_03_49_630.jpg,C:\Users\subha\Desktop\self-driving\IMG\right_2024_05_21_14_03_49_630.jpg,0,0.237667,0,28.82774
C:\Users\subha\Desktop\self-driving\IMG\center_2024_05_21_14_03_49_698.jpg,C:\Users\subha\Desktop\self-driving\IMG\left_2024_05_21_14_03_49_698.jpg,C:\Users\subha\Desktop\self-driving\IMG\right_2024_05_21_14_03_49_698.jpg,0,0.06700663,0,28.77961
C:\Users\subha\Desktop\self-driving\IMG\center_2024_05_21_14_03_49_774.jpg,C:\Users\subha\Desktop\self-driving\IMG\left_2024_05_21_14_03_49_774.jpg,C:\Users\subha\Desktop\self-driving\IMG\right_2024_05_21_14_03_49_774.jpg,0,0,0,28.55611
C:\Users\subha\Desktop\self-driving\IMG\center_2024_05_21_14_03_49_843.jpg,C:\Users\subha\Desktop\self-driving\IMG\left_2024_05_21_14_03_49_843.jpg,C:\Users\subha\Desktop\self-driving\IMG\right_2024_05_21_14_03_49_843.jpg,0.05,0.1684827,0,28.43048
C:\Users\subha\Desktop\self-driving\IMG\center_2024_05_21_14_03_49_917.jpg,C:\Users\subha\Desktop\self-driving\IMG\left_2024_05_21_14_03_49_917.jpg,C:\Users\subha\Desktop\self-driving\IMG\right_2024_05_21_14_03_49_917.jpg,0.25,0.3961668,0,28.45305
C:\Users\subha\Desktop\self-driving\IMG\center_2024_05_21_14_03_49_996.jpg,C:\Users\subha\Desktop\self-driving\IMG\left_2024_05_21_14_03_49_996.jpg,C:\Users\subha\Desktop\self-driving\IMG\right_2024_05_21_14_03_49_996.jpg,0.45,0.6678273,0,28.61255
C:\Users\subha\Desktop\self-driving\IMG\center_2024_05_21_14_03_50_066.jpg,C:\Users\subha\Desktop\self-driving\IMG\left_2024_05_21_14_03_50_066.jpg,C:\Users\subha\Desktop\self-driving\IMG\right_2024_05_21_14_03_50_066.jpg,0.6500001,0.8769588,0,28.91766
C:\Users\subha\Desktop\self-driving\IMG\center_2024_05_21_14_03_50_134.jpg,C:\Users\subha\Desktop\self-driving\IMG\left_2024_05_21_14_03_50_134.jpg,C:\Users\subha\Desktop\self-driving\IMG\right_2024_05_21_14_03_50_134.jpg,0.8000001,1,0,29.22565
C:\Users\subha\Desktop\self-driving\IMG\center_2024_05_21_14_03_50_203.jpg,C:\Users\subha\Desktop\self-driving\IMG\left_2024_05_21_14_03_50_203.jpg,C:\Users\subha\Desktop\self-driving\IMG\right_2024_05_21_14_03_50_203.jpg,0.9500002,1,0,29.52133
C:\Users\subha\Desktop\self-driving\IMG\center_2024_05_21_14_03_50_277.jpg,C:\Users\subha\Desktop\self-driving\IMG\left_2024_05_21_14_03_50_277.jpg,C:\Users\subha\Desktop\self-driving\IMG\right_2024_05_21_14_03_50_277.jpg,1,1,0,29.90304
C:\Users\subha\Desktop\self-driving\IMG\center_2024_05_21_14_03_50_352.jpg,C:\Users\subha\Desktop\self-driving\IMG\left_2024_05_21_14_03_50_352.jpg,C:\Users\subha\Desktop\self-driving\IMG\right_2024_05_21_14_03_50_352.jpg,1,1,0,30.12644
C:\Users\subha\Desktop\self-driving\IMG\center_2024_05_21_14_03_50_429.jpg,C:\Users\subha\Desktop\self-driving\IMG\left_2024_05_21_14_03_50_429.jpg,C:\Users\subha\Desktop\self-driving\IMG\right_2024_05_21_14_03_50_429.jpg,0,0.8465489,0,30.1274
C:\Users\subha\Desktop\self-driving\IMG\center_2024_05_21_14_03_50_500.jpg,C:\Users\subha\Desktop\self-driving\IMG\left_2024_05_21_14_03_50_500.jpg,C:\Users\subha\Desktop\self-driving\IMG\right_2024_05_21_14_03_50_500.jpg,0,0.6676378,0,30.09561
C:\Users\subha\Desktop\self-driving\IMG\center_2024_05_21_14_03_50_577.jpg,C:\Users\subha\Desktop\self-driving\IMG\left_2024_05_21_14_03_50_577.jpg,C:\Users\subha\Desktop\self-driving\IMG\right_2024_05_21_14_03_50_577.jpg,0,0.4357753,0,30.04742
C:\Users\subha\Desktop\self-driving\IMG\center_2024_05_21_14_03_50_653.jpg,C:\Users\subha\Desktop\self-driving\IMG\left_2024_05_21_14_03_50_653.jpg,C:\Users\subha\Desktop\self-driving\IMG\right_2024_05_21_14_03_50_653.jpg,0,0.1760515,0,29.99957
C:\Users\subha\Desktop\self-driving\IMG\center_2024_05_21_14_03_50_719.jpg,C:\Users\subha\Desktop\self-driving\IMG\left_2024_05_21_14_03_50_719.jpg,C:\Users\subha\Desktop\self-driving\IMG\right_2024_05_21_14_03_50_719.jpg,0,0.01624596,0,29.89011
C:\Users\subha\Desktop\self-driving\IMG\center_2024_05_21_14_03_50_794.jpg,C:\Users\subha\Desktop\self-driving\IMG\left_2024_05_21_14_03_50_794.jpg,C:\Users\subha\Desktop\self-driving\IMG\right_2024_05_21_14_03_50_794.jpg,0,0,0,29.65235
C:\Users\subha\Desktop\self-driving\IMG\center_2024_05_21_14_03_50_866.jpg,C:\Users\subha\Desktop\self-driving\IMG\left_2024_05_21_14_03_50_866.jpg,C:\Users\subha\Desktop\self-driving\IMG\right_2024_05_21_14_03_50_866.jpg,0,0,0,29.41397
C:\Users\subha\Desktop\self-driving\IMG\center_2024_05_21_14_03_50_940.jpg,C:\Users\subha\Desktop\self-driving\IMG\left_2024_05_21_14_03_50_940.jpg,C:\Users\subha\Desktop\self-driving\IMG\right_2024_05_21_14_03_50_940.jpg,0,0,0,29.23638
C:\Users\subha\Desktop\self-driving\IMG\center_2024_05_21_14_03_51_008.jpg,C:\Users\subha\Desktop\self-driving\IMG\left_2024_05_21_14_03_51_008.jpg,C:\Users\subha\Desktop\self-driving\IMG\right_2024_05_21_14_03_51_008.jpg,0,0,0,29.00122
C:\Users\subha\Desktop\self-driving\IMG\center_2024_05_21_14_03_51_091.jpg,C:\Users\subha\Desktop\self-driving\IMG\left_2024_05_21_14_03_51_091.jpg,C:\Users\subha\Desktop\self-driving\IMG\right_2024_05_21_14_03_51_091.jpg,0,0,0,28.76797
C:\Users\subha\Desktop\self-driving\IMG\center_2024_05_21_14_03_51_175.jpg,C:\Users\subha\Desktop\self-driving\IMG\left_2024_05_21_14_03_51_175.jpg,C:\Users\subha\Desktop\self-driving\IMG\right_2024_05_21_14_03_51_175.jpg,0,0,0,28.5366
C:\Users\subha\Desktop\self-driving\IMG\center_2024_05_21_14_03_51_256.jpg,C:\Users\subha\Desktop\self-driving\IMG\left_2024_05_21_14_03_51_256.jpg,C:\Users\subha\Desktop\self-driving\IMG\right_2024_05_21_14_03_51_256.jpg,0,0,0,28.30711
C:\Users\subha\Desktop\self-driving\IMG\center_2024_05_21_14_03_51_329.jpg,C:\Users\subha\Desktop\self-driving\IMG\left_2024_05_21_14_03_51_329.jpg,C:\Users\subha\Desktop\self-driving\IMG\right_2024_05_21_14_03_51_329.jpg,0,0,0,28.07948
C:\Users\subha\Desktop\self-driving\IMG\center_2024_05_21_14_03_51_406.jpg,C:\Users\subha\Desktop\self-driving\IMG\left_2024_05_21_14_03_51_406.jpg,C:\Users\subha\Desktop\self-driving\IMG\right_2024_05_21_14_03_51_406.jpg,-0.15,0,0,27.84499
C:\Users\subha\Desktop\self-driving\IMG\center_2024_05_21_14_03_51_480.jpg,C:\Users\subha\Desktop\self-driving\IMG\left_2024_05_21_14_03_51_480.jpg,C:\Users\subha\Desktop\self-driving\IMG\right_2024_05_21_14_03_51_480.jpg,-0.3,0,0,27.63352
C:\Users\subha\Desktop\self-driving\IMG\center_2024_05_21_14_03_51_559.jpg,C:\Users\subha\Desktop\self-driving\IMG\left_2024_05_21_14_03_51_559.jpg,C:\Users\subha\Desktop\self-driving\IMG\right_2024_05_21_14_03_51_559.jpg,0,0,0,27.37852
C:\Users\subha\Desktop\self-driving\IMG\center_2024_05_21_14_03_51_636.jpg,C:\Users\subha\Desktop\self-driving\IMG\left_2024_05_21_14_03_51_636.jpg,C:\Users\subha\Desktop\self-driving\IMG\right_2024_05_21_14_03_51_636.jpg,0,0,0,27.15616
C:\Users\subha\Desktop\self-driving\IMG\center_2024_05_21_14_03_51_713.jpg,C:\Users\subha\Desktop\self-driving\IMG\left_2024_05_21_14_03_51_713.jpg,C:\Users\subha\Desktop\self-driving\IMG\right_2024_05_21_14_03_51_713.jpg,0,0,0,26.93719
C:\Users\subha\Desktop\self-driving\IMG\center_2024_05_21_14_03_51_783.jpg,C:\Users\subha\Desktop\self-driving\IMG\left_2024_05_21_14_03_51_783.jpg,C:\Users\subha\Desktop\self-driving\IMG\right_2024_05_21_14_03_51_783.jpg,0,0,0,26.77445
C:\Users\subha\Desktop\self-driving\IMG\center_2024_05_21_14_03_51_854.jpg,C:\Users\subha\Desktop\self-driving\IMG\left_2024_05_21_14_03_51_854.jpg,C:\Users\subha\Desktop\self-driving\IMG\right_2024_05_21_14_03_51_854.jpg,0,0,0,26.55911
C:\Users\subha\Desktop\self-driving\IMG\center_2024_05_21_14_03_51_925.jpg,C:\Users\subha\Desktop\self-driving\IMG\left_2024_05_21_14_03_51_925.jpg,C:\Users\subha\Desktop\self-driving\IMG\right_2024_05_21_14_03_51_925.jpg,0,0,0,26.39878
C:\Users\subha\Desktop\self-driving\IMG\center_2024_05_21_14_03_51_997.jpg,C:\Users\subha\Desktop\self-driving\IMG\left_2024_05_21_14_03_51_997.jpg,C:\Users\subha\Desktop\self-driving\IMG\right_2024_05_21_14_03_51_997.jpg,0,0,0,26.18651
C:\Users\subha\Desktop\self-driving\IMG\center_2024_05_21_14_03_52_069.jpg,C:\Users\subha\Desktop\self-driving\IMG\left_2024_05_21_14_03_52_069.jpg,C:\Users\subha\Desktop\self-driving\IMG\right_2024_05_21_14_03_52_069.jpg,0,0,0,25.97596
C:\Users\subha\Desktop\self-driving\IMG\center_2024_05_21_14_03_52_138.jpg,C:\Users\subha\Desktop\self-driving\IMG\left_2024_05_21_14_03_52_138.jpg,C:\Users\subha\Desktop\self-driving\IMG\right_2024_05_21_14_03_52_138.jpg,0,0,0,25.81915
C:\Users\subha\Desktop\self-driving\IMG\center_2024_05_21_14_03_52_204.jpg,C:\Users\subha\Desktop\self-driving\IMG\left_2024_05_21_14_03_52_204.jpg,C:\Users\subha\Desktop\self-driving\IMG\right_2024_05_21_14_03_52_204.jpg,0,0,0,25.66329
C:\Users\subha\Desktop\self-driving\IMG\center_2024_05_21_14_03_52_274.jpg,C:\Users\subha\Desktop\self-driving\IMG\left_2024_05_21_14_03_52_274.jpg,C:\Users\subha\Desktop\self-driving\IMG\right_2024_05_21_14_03_52_274.jpg,0,0,0,25.45695
C:\Users\subha\Desktop\self-driving\IMG\center_2024_05_21_14_03_52_342.jpg,C:\Users\subha\Desktop\self-driving\IMG\left_2024_05_21_14_03_52_342.jpg,C:\Users\subha\Desktop\self-driving\IMG\right_2024_05_21_14_03_52_342.jpg,0,0,0,25.30629
C:\Users\subha\Desktop\self-driving\IMG\center_2024_05_21_14_03_52_424.jpg,C:\Users\subha\Desktop\self-driving\IMG\left_2024_05_21_14_03_52_424.jpg,C:\Users\subha\Desktop\self-driving\IMG\right_2024_05_21_14_03_52_424.jpg,0,0,0,25.10154
C:\Users\subha\Desktop\self-driving\IMG\center_2024_05_21_14_03_52_496.jpg,C:\Users\subha\Desktop\self-driving\IMG\left_2024_05_21_14_03_52_496.jpg,C:\Users\subha\Desktop\self-driving\IMG\right_2024_05_21_14_03_52_496.jpg,0,0.1138362,0,24.92104
C:\Users\subha\Desktop\self-driving\IMG\center_2024_05_21_14_03_52_575.jpg,C:\Users\subha\Desktop\self-driving\IMG\left_2024_05_21_14_03_52_575.jpg,C:\Users\subha\Desktop\self-driving\IMG\right_2024_05_21_14_03_52_575.jpg,0,0.3509862,0,24.92133
C:\Users\subha\Desktop\self-driving\IMG\center_2024_05_21_14_03_52_646.jpg,C:\Users\subha\Desktop\self-driving\IMG\left_2024_05_21_14_03_52_646.jpg,C:\Users\subha\Desktop\self-driving\IMG\right_2024_05_21_14_03_52_646.jpg,0,0.5645472,0,25.17568
C:\Users\subha\Desktop\self-driving\IMG\center_2024_05_21_14_03_52_716.jpg,C:\Users\subha\Desktop\self-driving\IMG\left_2024_05_21_14_03_52_716.jpg,C:\Users\subha\Desktop\self-driving\IMG\right_2024_05_21_14_03_52_716.jpg,0,0.7751034,0,25.50114
C:\Users\subha\Desktop\self-driving\IMG\center_2024_05_21_14_03_52_784.jpg,C:\Users\subha\Desktop\self-driving\IMG\left_2024_05_21_14_03_52_784.jpg,C:\Users\subha\Desktop\self-driving\IMG\right_2024_05_21_14_03_52_784.jpg,0,0.9330028,0,25.96359
C:\Users\subha\Desktop\self-driving\IMG\center_2024_05_21_14_03_52_853.jpg,C:\Users\subha\Desktop\self-driving\IMG\left_2024_05_21_14_03_52_853.jpg,C:\Users\subha\Desktop\self-driving\IMG\right_2024_05_21_14_03_52_853.jpg,0,1,0,26.71536
C:\Users\subha\Desktop\self-driving\IMG\center_2024_05_21_14_03_52_922.jpg,C:\Users\subha\Desktop\self-driving\IMG\left_2024_05_21_14_03_52_922.jpg,C:\Users\subha\Desktop\self-driving\IMG\right_2024_05_21_14_03_52_922.jpg,0,1,0,27.28002
C:\Users\subha\Desktop\self-driving\IMG\center_2024_05_21_14_03_52_991.jpg,C:\Users\subha\Desktop\self-driving\IMG\left_2024_05_21_14_03_52_991.jpg,C:\Users\subha\Desktop\self-driving\IMG\right_2024_05_21_14_03_52_991.jpg,0.2,1,0,28.00948
C:\Users\subha\Desktop\self-driving\IMG\center_2024_05_21_14_03_53_066.jpg,C:\Users\subha\Desktop\self-driving\IMG\left_2024_05_21_14_03_53_066.jpg,C:\Users\subha\Desktop\self-driving\IMG\right_2024_05_21_14_03_53_066.jpg,0.4,1,0,28.66272
C:\Users\subha\Desktop\self-driving\IMG\center_2024_05_21_14_03_53_142.jpg,C:\Users\subha\Desktop\self-driving\IMG\left_2024_05_21_14_03_53_142.jpg,C:\Users\subha\Desktop\self-driving\IMG\right_2024_05_21_14_03_53_142.jpg,0,1,0,29.20363
C:\Users\subha\Desktop\self-driving\IMG\center_2024_05_21_14_03_53_216.jpg,C:\Users\subha\Desktop\self-driving\IMG\left_2024_05_21_14_03_53_216.jpg,C:\Users\subha\Desktop\self-driving\IMG\right_2024_05_21_14_03_53_216.jpg,0,1,0,29.93233
C:\Users\subha\Desktop\self-driving\IMG\center_2024_05_21_14_03_53_291.jpg,C:\Users\subha\Desktop\self-driving\IMG\left_2024_05_21_14_03_53_291.jpg,C:\Users\subha\Desktop\self-driving\IMG\right_2024_05_21_14_03_53_291.jpg,0,1,0,30.19025
C:\Users\subha\Desktop\self-driving\IMG\center_2024_05_21_14_03_53_365.jpg,C:\Users\subha\Desktop\self-driving\IMG\left_2024_05_21_14_03_53_365.jpg,C:\Users\subha\Desktop\self-driving\IMG\right_2024_05_21_14_03_53_365.jpg,0.05,1,0,30.19014
C:\Users\subha\Desktop\self-driving\IMG\center_2024_05_21_14_03_53_441.jpg,C:\Users\subha\Desktop\self-driving\IMG\left_2024_05_21_14_03_53_441.jpg,C:\Users\subha\Desktop\self-driving\IMG\right_2024_05_21_14_03_53_441.jpg,0.25,1,0,30.17603
C:\Users\subha\Desktop\self-driving\IMG\center_2024_05_21_14_03_53_518.jpg,C:\Users\subha\Desktop\self-driving\IMG\left_2024_05_21_14_03_53_518.jpg,C:\Users\subha\Desktop\self-driving\IMG\right_2024_05_21_14_03_53_518.jpg,0.45,1,0,30.1526
C:\Users\subha\Desktop\self-driving\IMG\center_2024_05_21_14_03_53_594.jpg,C:\Users\subha\Desktop\self-driving\IMG\left_2024_05_21_14_03_53_594.jpg,C:\Users\subha\Desktop\self-driving\IMG\right_2024_05_21_14_03_53_594.jpg,0.6500001,1,0,30.12765
C:\Users\subha\Desktop\self-driving\IMG\center_2024_05_21_14_03_53_661.jpg,C:\Users\subha\Desktop\self-driving\IMG\left_2024_05_21_14_03_53_661.jpg,C:\Users\subha\Desktop\self-driving\IMG\right_2024_05_21_14_03_53_661.jpg,0,1,0,30.16599
C:\Users\subha\Desktop\self-driving\IMG\center_2024_05_21_14_03_53_734.jpg,C:\Users\subha\Desktop\self-driving\IMG\left_2024_05_21_14_03_53_734.jpg,C:\Users\subha\Desktop\self-driving\IMG\right_2024_05_21_14_03_53_734.jpg,0,1,0,30.18362
C:\Users\subha\Desktop\self-driving\IMG\center_2024_05_21_14_03_53_806.jpg,C:\Users\subha\Desktop\self-driving\IMG\left_2024_05_21_14_03_53_806.jpg,C:\Users\subha\Desktop\self-driving\IMG\right_2024_05_21_14_03_53_806.jpg,0,1,0,30.18923
C:\Users\subha\Desktop\self-driving\IMG\center_2024_05_21_14_03_53_881.jpg,C:\Users\subha\Desktop\self-driving\IMG\left_2024_05_21_14_03_53_881.jpg,C:\Users\subha\Desktop\self-driving\IMG\right_2024_05_21_14_03_53_881.jpg,0,1,0,30.20371
C:\Users\subha\Desktop\self-driving\IMG\center_2024_05_21_14_03_53_950.jpg,C:\Users\subha\Desktop\self-driving\IMG\left_2024_05_21_14_03_53_950.jpg,C:\Users\subha\Desktop\self-driving\IMG\right_2024_05_21_14_03_53_950.jpg,0,1,0,30.24881
C:\Users\subha\Desktop\self-driving\IMG\center_2024_05_21_14_03_54_017.jpg,C:\Users\subha\Desktop\self-driving\IMG\left_2024_05_21_14_03_54_017.jpg,C:\Users\subha\Desktop\self-driving\IMG\right_2024_05_21_14_03_54_017.jpg,0,1,0,30.16767
C:\Users\subha\Desktop\self-driving\IMG\center_2024_05_21_14_03_54_084.jpg,C:\Users\subha\Desktop\self-driving\IMG\left_2024_05_21_14_03_54_084.jpg,C:\Users\subha\Desktop\self-driving\IMG\right_2024_05_21_14_03_54_084.jpg,0,1,0,30.10697
C:\Users\subha\Desktop\self-driving\IMG\center_2024_05_21_14_03_54_157.jpg,C:\Users\subha\Desktop\self-driving\IMG\left_2024_05_21_14_03_54_157.jpg,C:\Users\subha\Desktop\self-driving\IMG\right_2024_05_21_14_03_54_157.jpg,0,1,0,30.21426
C:\Users\subha\Desktop\self-driving\IMG\center_2024_05_21_14_03_54_229.jpg,C:\Users\subha\Desktop\self-driving\IMG\left_2024_05_21_14_03_54_229.jpg,C:\Users\subha\Desktop\self-driving\IMG\right_2024_05_21_14_03_54_229.jpg,0,0.8715067,0,30.13184
C:\Users\subha\Desktop\self-driving\IMG\center_2024_05_21_14_03_54_301.jpg,C:\Users\subha\Desktop\self-driving\IMG\left_2024_05_21_14_03_54_301.jpg,C:\Users\subha\Desktop\self-driving\IMG\right_2024_05_21_14_03_54_301.jpg,0,0.9540082,0,29.99056
C:\Users\subha\Desktop\self-driving\IMG\center_2024_05_21_14_03_54_377.jpg,C:\Users\subha\Desktop\self-driving\IMG\left_2024_05_21_14_03_54_377.jpg,C:\Users\subha\Desktop\self-driving\IMG\right_2024_05_21_14_03_54_377.jpg,0,1,0,30.02643
C:\Users\subha\Desktop\self-driving\IMG\center_2024_05_21_14_03_54_449.jpg,C:\Users\subha\Desktop\self-driving\IMG\left_2024_05_21_14_03_54_449.jpg,C:\Users\subha\Desktop\self-driving\IMG\right_2024_05_21_14_03_54_449.jpg,0,1,0,30.16205
C:\Users\subha\Desktop\self-driving\IMG\center_2024_05_21_14_03_54_519.jpg,C:\Users\subha\Desktop\self-driving\IMG\left_2024_05_21_14_03_54_519.jpg,C:\Users\subha\Desktop\self-driving\IMG\right_2024_05_21_14_03_54_519.jpg,0,1,0,30.25522
C:\Users\subha\Desktop\self-driving\IMG\center_2024_05_21_14_03_54_591.jpg,C:\Users\subha\Desktop\self-driving\IMG\left_2024_05_21_14_03_54_591.jpg,C:\Users\subha\Desktop\self-driving\IMG\right_2024_05_21_14_03_54_591.jpg,0,1,0,30.08435
C:\Users\subha\Desktop\self-driving\IMG\center_2024_05_21_14_03_54_660.jpg,C:\Users\subha\Desktop\self-driving\IMG\left_2024_05_21_14_03_54_660.jpg,C:\Users\subha\Desktop\self-driving\IMG\right_2024_05_21_14_03_54_660.jpg,0,1,0,30.18141
C:\Users\subha\Desktop\self-driving\IMG\center_2024_05_21_14_03_54_731.jpg,C:\Users\subha\Desktop\self-driving\IMG\left_2024_05_21_14_03_54_731.jpg,C:\Users\subha\Desktop\self-driving\IMG\right_2024_05_21_14_03_54_731.jpg,0.05,1,0,30.02644
C:\Users\subha\Desktop\self-driving\IMG\center_2024_05_21_14_03_54_808.jpg,C:\Users\subha\Desktop\self-driving\IMG\left_2024_05_21_14_03_54_808.jpg,C:\Users\subha\Desktop\self-driving\IMG\right_2024_05_21_14_03_54_808.jpg,0.25,1,0,30.10098
C:\Users\subha\Desktop\self-driving\IMG\center_2024_05_21_14_03_54_882.jpg,C:\Users\subha\Desktop\self-driving\IMG\left_2024_05_21_14_03_54_882.jpg,C:\Users\subha\Desktop\self-driving\IMG\right_2024_05_21_14_03_54_882.jpg,0.4,1,0,30.13544
C:\Users\subha\Desktop\self-driving\IMG\center_2024_05_21_14_03_54_958.jpg,C:\Users\subha\Desktop\self-driving\IMG\left_2024_05_21_14_03_54_958.jpg,C:\Users\subha\Desktop\self-driving\IMG\right_2024_05_21_14_03_54_958.jpg,0,1,0,30.06931
C:\Users\subha\Desktop\self-driving\IMG\center_2024_05_21_14_03_55_030.jpg,C:\Users\subha\Desktop\self-driving\IMG\left_2024_05_21_14_03_55_030.jpg,C:\Users\subha\Desktop\self-driving\IMG\right_2024_05_21_14_03_55_030.jpg,0,1,0,30.01127
C:\Users\subha\Desktop\self-driving\IMG\center_2024_05_21_14_03_55_110.jpg,C:\Users\subha\Desktop\self-driving\IMG\left_2024_05_21_14_03_55_110.jpg,C:\Users\subha\Desktop\self-driving\IMG\right_2024_05_21_14_03_55_110.jpg,0.2,1,0,30.03009
C:\Users\subha\Desktop\self-driving\IMG\center_2024_05_21_14_03_55_190.jpg,C:\Users\subha\Desktop\self-driving\IMG\left_2024_05_21_14_03_55_190.jpg,C:\Users\subha\Desktop\self-driving\IMG\right_2024_05_21_14_03_55_190.jpg,0.4,1,0,30.06518
C:\Users\subha\Desktop\self-driving\IMG\center_2024_05_21_14_03_55_269.jpg,C:\Users\subha\Desktop\self-driving\IMG\left_2024_05_21_14_03_55_269.jpg,C:\Users\subha\Desktop\self-driving\IMG\right_2024_05_21_14_03_55_269.jpg,0,1,0,30.07382
C:\Users\subha\Desktop\self-driving\IMG\center_2024_05_21_14_03_55_351.jpg,C:\Users\subha\Desktop\self-driving\IMG\left_2024_05_21_14_03_55_351.jpg,C:\Users\subha\Desktop\self-driving\IMG\right_2024_05_21_14_03_55_351.jpg,0.05,1,0,30.11204
C:\Users\subha\Desktop\self-driving\IMG\center_2024_05_21_14_03_55_425.jpg,C:\Users\subha\Desktop\self-driving\IMG\left_2024_05_21_14_03_55_425.jpg,C:\Users\subha\Desktop\self-driving\IMG\right_2024_05_21_14_03_55_425.jpg,0.2,1,0,30.03565
C:\Users\subha\Desktop\self-driving\IMG\center_2024_05_21_14_03_55_504.jpg,C:\Users\subha\Desktop\self-driving\IMG\left_2024_05_21_14_03_55_504.jpg,C:\Users\subha\Desktop\self-driving\IMG\right_2024_05_21_14_03_55_504.jpg,0.4,1,0,30.10777
C:\Users\subha\Desktop\self-driving\IMG\center_2024_05_21_14_03_55_582.jpg,C:\Users\subha\Desktop\self-driving\IMG\left_2024_05_21_14_03_55_582.jpg,C:\Users\subha\Desktop\self-driving\IMG\right_2024_05_21_14_03_55_582.jpg,0.6000001,1,0,30.02786
C:\Users\subha\Desktop\self-driving\IMG\center_2024_05_21_14_03_55_658.jpg,C:\Users\subha\Desktop\self-driving\IMG\left_2024_05_21_14_03_55_658.jpg,C:\Users\subha\Desktop\self-driving\IMG\right_2024_05_21_14_03_55_658.jpg,0.8000001,1,0,30.08859
C:\Users\subha\Desktop\self-driving\IMG\center_2024_05_21_14_03_55_730.jpg,C:\Users\subha\Desktop\self-driving\IMG\left_2024_05_21_14_03_55_730.jpg,C:\Users\subha\Desktop\self-driving\IMG\right_2024_05_21_14_03_55_730.jpg,1,1,0,30.01547
C:\Users\subha\Desktop\self-driving\IMG\center_2024_05_21_14_03_55_805.jpg,C:\Users\subha\Desktop\self-driving\IMG\left_2024_05_21_14_03_55_805.jpg,C:\Users\subha\Desktop\self-driving\IMG\right_2024_05_21_14_03_55_805.jpg,1,1,0,30.05399
C:\Users\subha\Desktop\self-driving\IMG\center_2024_05_21_14_03_55_876.jpg,C:\Users\subha\Desktop\self-driving\IMG\left_2024_05_21_14_03_55_876.jpg,C:\Users\subha\Desktop\self-driving\IMG\right_2024_05_21_14_03_55_876.jpg,1,1,0,30.09465
C:\Users\subha\Desktop\self-driving\IMG\center_2024_05_21_14_03_55_950.jpg,C:\Users\subha\Desktop\self-driving\IMG\left_2024_05_21_14_03_55_950.jpg,C:\Users\subha\Desktop\self-driving\IMG\right_2024_05_21_14_03_55_950.jpg,1,1,0,30.02004
C:\Users\subha\Desktop\self-driving\IMG\center_2024_05_21_14_03_56_021.jpg,C:\Users\subha\Desktop\self-driving\IMG\left_2024_05_21_14_03_56_021.jpg,C:\Users\subha\Desktop\self-driving\IMG\right_2024_05_21_14_03_56_021.jpg,1,1,0,30.12089
C:\Users\subha\Desktop\self-driving\IMG\center_2024_05_21_14_03_56_094.jpg,C:\Users\subha\Desktop\self-driving\IMG\left_2024_05_21_14_03_56_094.jpg,C:\Users\subha\Desktop\self-driving\IMG\right_2024_05_21_14_03_56_094.jpg,0,1,0,30.07077
C:\Users\subha\Desktop\self-driving\IMG\center_2024_05_21_14_03_56_167.jpg,C:\Users\subha\Desktop\self-driving\IMG\left_2024_05_21_14_03_56_167.jpg,C:\Users\subha\Desktop\self-driving\IMG\right_2024_05_21_14_03_56_167.jpg,0,1,0,30.25327
C:\Users\subha\Desktop\self-driving\IMG\center_2024_05_21_14_03_56_243.jpg,C:\Users\subha\Desktop\self-driving\IMG\left_2024_05_21_14_03_56_243.jpg,C:\Users\subha\Desktop\self-driving\IMG\right_2024_05_21_14_03_56_243.jpg,0,1,0,30.29171
C:\Users\subha\Desktop\self-driving\IMG\center_2024_05_21_14_03_56_322.jpg,C:\Users\subha\Desktop\self-driving\IMG\left_2024_05_21_14_03_56_322.jpg,C:\Users\subha\Desktop\self-driving\IMG\right_2024_05_21_14_03_56_322.jpg,0,1,0,30.20004
C:\Users\subha\Desktop\self-driving\IMG\center_2024_05_21_14_03_56_400.jpg,C:\Users\subha\Desktop\self-driving\IMG\left_2024_05_21_14_03_56_400.jpg,C:\Users\subha\Desktop\self-driving\IMG\right_2024_05_21_14_03_56_400.jpg,0,1,0,30.15209
C:\Users\subha\Desktop\self-driving\IMG\center_2024_05_21_14_03_56_486.jpg,C:\Users\subha\Desktop\self-driving\IMG\left_2024_05_21_14_03_56_486.jpg,C:\Users\subha\Desktop\self-driving\IMG\right_2024_05_21_14_03_56_486.jpg,0,1,0,30.26865
C:\Users\subha\Desktop\self-driving\IMG\center_2024_05_21_14_03_56_569.jpg,C:\Users\subha\Desktop\self-driving\IMG\left_2024_05_21_14_03_56_569.jpg,C:\Users\subha\Desktop\self-driving\IMG\right_2024_05_21_14_03_56_569.jpg,0,1,0,30.04611
C:\Users\subha\Desktop\self-driving\IMG\center_2024_05_21_14_03_56_649.jpg,C:\Users\subha\Desktop\self-driving\IMG\left_2024_05_21_14_03_56_649.jpg,C:\Users\subha\Desktop\self-driving\IMG\right_2024_05_21_14_03_56_649.jpg,0.1,1,0,30.15177
C:\Users\subha\Desktop\self-driving\IMG\center_2024_05_21_14_03_56_729.jpg,C:\Users\subha\Desktop\self-driving\IMG\left_2024_05_21_14_03_56_729.jpg,C:\Users\subha\Desktop\self-driving\IMG\right_2024_05_21_14_03_56_729.jpg,0.3,1,0,30.13746
C:\Users\subha\Desktop\self-driving\IMG\center_2024_05_21_14_03_56_812.jpg,C:\Users\subha\Desktop\self-driving\IMG\left_2024_05_21_14_03_56_812.jpg,C:\Users\subha\Desktop\self-driving\IMG\right_2024_05_21_14_03_56_812.jpg,0.5000001,1,0,30.03437
C:\Users\subha\Desktop\self-driving\IMG\center_2024_05_21_14_03_56_901.jpg,C:\Users\subha\Desktop\self-driving\IMG\left_2024_05_21_14_03_56_901.jpg,C:\Users\subha\Desktop\self-driving\IMG\right_2024_05_21_14_03_56_901.jpg,0.7,1,0,30.1815
C:\Users\subha\Desktop\self-driving\IMG\center_2024_05_21_14_03_56_975.jpg,C:\Users\subha\Desktop\self-driving\IMG\left_2024_05_21_14_03_56_975.jpg,C:\Users\subha\Desktop\self-driving\IMG\right_2024_05_21_14_03_56_975.jpg,0.9000002,1,0,29.90591
C:\Users\subha\Desktop\self-driving\IMG\center_2024_05_21_14_03_57_044.jpg,C:\Users\subha\Desktop\self-driving\IMG\left_2024_05_21_14_03_57_044.jpg,C:\Users\subha\Desktop\self-driving\IMG\right_2024_05_21_14_03_57_044.jpg,1,1,0,29.90584
C:\Users\subha\Desktop\self-driving\IMG\center_2024_05_21_14_03_57_128.jpg,C:\Users\subha\Desktop\self-driving\IMG\left_2024_05_21_14_03_57_128.jpg,C:\Users\subha\Desktop\self-driving\IMG\right_2024_05_21_14_03_57_128.jpg,1,1,0,29.99054
C:\Users\subha\Desktop\self-driving\IMG\center_2024_05_21_14_03_57_212.jpg,C:\Users\subha\Desktop\self-driving\IMG\left_2024_05_21_14_03_57_212.jpg,C:\Users\subha\Desktop\self-driving\IMG\right_2024_05_21_14_03_57_212.jpg,1,1,0,30.00343
C:\Users\subha\Desktop\self-driving\IMG\center_2024_05_21_14_03_57_293.jpg,C:\Users\subha\Desktop\self-driving\IMG\left_2024_05_21_14_03_57_293.jpg,C:\Users\subha\Desktop\self-driving\IMG\right_2024_05_21_14_03_57_293.jpg,0,1,0,30.008
C:\Users\subha\Desktop\self-driving\IMG\center_2024_05_21_14_03_57_368.jpg,C:\Users\subha\Desktop\self-driving\IMG\left_2024_05_21_14_03_57_368.jpg,C:\Users\subha\Desktop\self-driving\IMG\right_2024_05_21_14_03_57_368.jpg,0,0.9382036,0,30.05058
C:\Users\subha\Desktop\self-driving\IMG\center_2024_05_21_14_03_57_442.jpg,C:\Users\subha\Desktop\self-driving\IMG\left_2024_05_21_14_03_57_442.jpg,C:\Users\subha\Desktop\self-driving\IMG\right_2024_05_21_14_03_57_442.jpg,0,1,0,30.06751
C:\Users\subha\Desktop\self-driving\IMG\center_2024_05_21_14_03_57_519.jpg,C:\Users\subha\Desktop\self-driving\IMG\left_2024_05_21_14_03_57_519.jpg,C:\Users\subha\Desktop\self-driving\IMG\right_2024_05_21_14_03_57_519.jpg,0,1,0,30.12718
C:\Users\subha\Desktop\self-driving\IMG\center_2024_05_21_14_03_57_592.jpg,C:\Users\subha\Desktop\self-driving\IMG\left_2024_05_21_14_03_57_592.jpg,C:\Users\subha\Desktop\self-driving\IMG\right_2024_05_21_14_03_57_592.jpg,0,1,0,30.08634
C:\Users\subha\Desktop\self-driving\IMG\center_2024_05_21_14_03_57_669.jpg,C:\Users\subha\Desktop\self-driving\IMG\left_2024_05_21_14_03_57_669.jpg,C:\Users\subha\Desktop\self-driving\IMG\right_2024_05_21_14_03_57_669.jpg,0,1,0,30.14955
C:\Users\subha\Desktop\self-driving\IMG\center_2024_05_21_14_03_57_746.jpg,C:\Users\subha\Desktop\self-driving\IMG\left_2024_05_21_14_03_57_746.jpg,C:\Users\subha\Desktop\self-driving\IMG\right_2024_05_21_14_03_57_746.jpg,0,1,0,30.02118
C:\Users\subha\Desktop\self-driving\IMG\center_2024_05_21_14_03_57_820.jpg,C:\Users\subha\Desktop\self-driving\IMG\left_2024_05_21_14_03_57_820.jpg,C:\Users\subha\Desktop\self-driving\IMG\right_2024_05_21_14_03_57_820.jpg,0,1,0,30.05995
C:\Users\subha\Desktop\self-driving\IMG\center_2024_05_21_14_03_57_895.jpg,C:\Users\subha\Desktop\self-driving\IMG\left_2024_05_21_14_03_57_895.jpg,C:\Users\subha\Desktop\self-driving\IMG\right_2024_05_21_14_03_57_895.jpg,0,1,0,30.14116
C:\Users\subha\Desktop\self-driving\IMG\center_2024_05_21_14_03_57_977.jpg,C:\Users\subha\Desktop\self-driving\IMG\left_2024_05_21_14_03_57_977.jpg,C:\Users\subha\Desktop\self-driving\IMG\right_2024_05_21_14_03_57_977.jpg,-0.15,1,0,30.03536
C:\Users\subha\Desktop\self-driving\IMG\center_2024_05_21_14_03_58_060.jpg,C:\Users\subha\Desktop\self-driving\IMG\left_2024_05_21_14_03_58_060.jpg,C:\Users\subha\Desktop\self-driving\IMG\right_2024_05_21_14_03_58_060.jpg,-0.35,1,0,30.18559
C:\Users\subha\Desktop\self-driving\IMG\center_2024_05_21_14_03_58_134.jpg,C:\Users\subha\Desktop\self-driving\IMG\left_2024_05_21_14_03_58_134.jpg,C:\Users\subha\Desktop\self-driving\IMG\right_2024_05_21_14_03_58_134.jpg,-0.5500001,1,0,29.96765
C:\Users\subha\Desktop\self-driving\IMG\center_2024_05_21_14_03_58_213.jpg,C:\Users\subha\Desktop\self-driving\IMG\left_2024_05_21_14_03_58_213.jpg,C:\Users\subha\Desktop\self-driving\IMG\right_2024_05_21_14_03_58_213.jpg,0,1,0,29.98176
C:\Users\subha\Desktop\self-driving\IMG\center_2024_05_21_14_03_58_289.jpg,C:\Users\subha\Desktop\self-driving\IMG\left_2024_05_21_14_03_58_289.jpg,C:\Users\subha\Desktop\self-driving\IMG\right_2024_05_21_14_03_58_289.jpg,0,0.8242513,0,29.98563
C:\Users\subha\Desktop\self-driving\IMG\center_2024_05_21_14_03_58_365.jpg,C:\Users\subha\Desktop\self-driving\IMG\left_2024_05_21_14_03_58_365.jpg,C:\Users\subha\Desktop\self-driving\IMG\right_2024_05_21_14_03_58_365.jpg,0,0.7229083,0,30.03795
C:\Users\subha\Desktop\self-driving\IMG\center_2024_05_21_14_03_58_442.jpg,C:\Users\subha\Desktop\self-driving\IMG\left_2024_05_21_14_03_58_442.jpg,C:\Users\subha\Desktop\self-driving\IMG\right_2024_05_21_14_03_58_442.jpg,0,0.9531913,0,30.08171
C:\Users\subha\Desktop\self-driving\IMG\center_2024_05_21_14_03_58_519.jpg,C:\Users\subha\Desktop\self-driving\IMG\left_2024_05_21_14_03_58_519.jpg,C:\Users\subha\Desktop\self-driving\IMG\right_2024_05_21_14_03_58_519.jpg,0,1,0,29.98736
C:\Users\subha\Desktop\self-driving\IMG\center_2024_05_21_14_03_58_594.jpg,C:\Users\subha\Desktop\self-driving\IMG\left_2024_05_21_14_03_58_594.jpg,C:\Users\subha\Desktop\self-driving\IMG\right_2024_05_21_14_03_58_594.jpg,0,1,0,29.90812
C:\Users\subha\Desktop\self-driving\IMG\center_2024_05_21_14_03_58_671.jpg,C:\Users\subha\Desktop\self-driving\IMG\left_2024_05_21_14_03_58_671.jpg,C:\Users\subha\Desktop\self-driving\IMG\right_2024_05_21_14_03_58_671.jpg,0,1,0,30.28015
C:\Users\subha\Desktop\self-driving\IMG\center_2024_05_21_14_03_58_750.jpg,C:\Users\subha\Desktop\self-driving\IMG\left_2024_05_21_14_03_58_750.jpg,C:\Users\subha\Desktop\self-driving\IMG\right_2024_05_21_14_03_58_750.jpg,0,1,0,30.24631
C:\Users\subha\Desktop\self-driving\IMG\center_2024_05_21_14_03_58_826.jpg,C:\Users\subha\Desktop\self-driving\IMG\left_2024_05_21_14_03_58_826.jpg,C:\Users\subha\Desktop\self-driving\IMG\right_2024_05_21_14_03_58_826.jpg,0,1,0,30.15479
C:\Users\subha\Desktop\self-driving\IMG\center_2024_05_21_14_03_58_904.jpg,C:\Users\subha\Desktop\self-driving\IMG\left_2024_05_21_14_03_58_904.jpg,C:\Users\subha\Desktop\self-driving\IMG\right_2024_05_21_14_03_58_904.jpg,0,1,0,30.20962
C:\Users\subha\Desktop\self-driving\IMG\center_2024_05_21_14_03_58_987.jpg,C:\Users\subha\Desktop\self-driving\IMG\left_2024_05_21_14_03_58_987.jpg,C:\Users\subha\Desktop\self-driving\IMG\right_2024_05_21_14_03_58_987.jpg,0.05,1,0,30.22811
C:\Users\subha\Desktop\self-driving\IMG\center_2024_05_21_14_03_59_064.jpg,C:\Users\subha\Desktop\self-driving\IMG\left_2024_05_21_14_03_59_064.jpg,C:\Users\subha\Desktop\self-driving\IMG\right_2024_05_21_14_03_59_064.jpg,0.25,1,0,30.24809
C:\Users\subha\Desktop\self-driving\IMG\center_2024_05_21_14_03_59_143.jpg,C:\Users\subha\Desktop\self-driving\IMG\left_2024_05_21_14_03_59_143.jpg,C:\Users\subha\Desktop\self-driving\IMG\right_2024_05_21_14_03_59_143.jpg,0.45,1,0,30.15043
C:\Users\subha\Desktop\self-driving\IMG\center_2024_05_21_14_03_59_218.jpg,C:\Users\subha\Desktop\self-driving\IMG\left_2024_05_21_14_03_59_218.jpg,C:\Users\subha\Desktop\self-driving\IMG\right_2024_05_21_14_03_59_218.jpg,0.6500001,1,0,30.12802
C:\Users\subha\Desktop\self-driving\IMG\center_2024_05_21_14_03_59_296.jpg,C:\Users\subha\Desktop\self-driving\IMG\left_2024_05_21_14_03_59_296.jpg,C:\Users\subha\Desktop\self-driving\IMG\right_2024_05_21_14_03_59_296.jpg,0.8500001,1,0,30.10582
C:\Users\subha\Desktop\self-driving\IMG\center_2024_05_21_14_03_59_375.jpg,C:\Users\subha\Desktop\self-driving\IMG\left_2024_05_21_14_03_59_375.jpg,C:\Users\subha\Desktop\self-driving\IMG\right_2024_05_21_14_03_59_375.jpg,1,1,0,30.09636
C:\Users\subha\Desktop\self-driving\IMG\center_2024_05_21_14_03_59_456.jpg,C:\Users\subha\Desktop\self-driving\IMG\left_2024_05_21_14_03_59_456.jpg,C:\Users\subha\Desktop\self-driving\IMG\right_2024_05_21_14_03_59_456.jpg,1,1,0,30.11772
C:\Users\subha\Desktop\self-driving\IMG\center_2024_05_21_14_03_59_541.jpg,C:\Users\subha\Desktop\self-driving\IMG\left_2024_05_21_14_03_59_541.jpg,C:\Users\subha\Desktop\self-driving\IMG\right_2024_05_21_14_03_59_541.jpg,1,1,0,30.13611
C:\Users\subha\Desktop\self-driving\IMG\center_2024_05_21_14_03_59_619.jpg,C:\Users\subha\Desktop\self-driving\IMG\left_2024_05_21_14_03_59_619.jpg,C:\Users\subha\Desktop\self-driving\IMG\right_2024_05_21_14_03_59_619.jpg,1,1,0,30.13763
C:\Users\subha\Desktop\self-driving\IMG\center_2024_05_21_14_03_59_698.jpg,C:\Users\subha\Desktop\self-driving\IMG\left_2024_05_21_14_03_59_698.jpg,C:\Users\subha\Desktop\self-driving\IMG\right_2024_05_21_14_03_59_698.jpg,1,1,0,30.14857
C:\Users\subha\Desktop\self-driving\IMG\center_2024_05_21_14_03_59_766.jpg,C:\Users\subha\Desktop\self-driving\IMG\left_2024_05_21_14_03_59_766.jpg,C:\Users\subha\Desktop\self-driving\IMG\right_2024_05_21_14_03_59_766.jpg,0,0.9353065,0,30.14219
C:\Users\subha\Desktop\self-driving\IMG\center_2024_05_21_14_03_59_847.jpg,C:\Users\subha\Desktop\self-driving\IMG\left_2024_05_21_14_03_59_847.jpg,C:\Users\subha\Desktop\self-driving\IMG\right_2024_05_21_14_03_59_847.jpg,0,0.6912434,0,30.11688
C:\Users\subha\Desktop\self-driving\IMG\center_2024_05_21_14_03_59_923.jpg,C:\Users\subha\Desktop\self-driving\IMG\left_2024_05_21_14_03_59_923.jpg,C:\Users\subha\Desktop\self-driving\IMG\right_2024_05_21_14_03_59_923.jpg,0,0.4623796,0,30.07474
C:\Users\subha\Desktop\self-driving\IMG\center_2024_05_21_14_03_59_998.jpg,C:\Users\subha\Desktop\self-driving\IMG\left_2024_05_21_14_03_59_998.jpg,C:\Users\subha\Desktop\self-driving\IMG\right_2024_05_21_14_03_59_998.jpg,0,0.2377738,0,30.00847
C:\Users\subha\Desktop\self-driving\IMG\center_2024_05_21_14_04_00_068.jpg,C:\Users\subha\Desktop\self-driving\IMG\left_2024_05_21_14_04_00_068.jpg,C:\Users\subha\Desktop\self-driving\IMG\right_2024_05_21_14_04_00_068.jpg,0,0.02464,0,29.89241
C:\Users\subha\Desktop\self-driving\IMG\center_2024_05_21_14_04_00_149.jpg,C:\Users\subha\Desktop\self-driving\IMG\left_2024_05_21_14_04_00_149.jpg,C:\Users\subha\Desktop\self-driving\IMG\right_2024_05_21_14_04_00_149.jpg,0,0,0,29.65205
C:\Users\subha\Desktop\self-driving\IMG\center_2024_05_21_14_04_00_229.jpg,C:\Users\subha\Desktop\self-driving\IMG\left_2024_05_21_14_04_00_229.jpg,C:\Users\subha\Desktop\self-driving\IMG\right_2024_05_21_14_04_00_229.jpg,0,0,0,29.41352
C:\Users\subha\Desktop\self-driving\IMG\center_2024_05_21_14_04_00_307.jpg,C:\Users\subha\Desktop\self-driving\IMG\left_2024_05_21_14_04_00_307.jpg,C:\Users\subha\Desktop\self-driving\IMG\right_2024_05_21_14_04_00_307.jpg,0,0,0,29.1769
C:\Users\subha\Desktop\self-driving\IMG\center_2024_05_21_14_04_00_388.jpg,C:\Users\subha\Desktop\self-driving\IMG\left_2024_05_21_14_04_00_388.jpg,C:\Users\subha\Desktop\self-driving\IMG\right_2024_05_21_14_04_00_388.jpg,0.15,0,0,28.94157
C:\Users\subha\Desktop\self-driving\IMG\center_2024_05_21_14_04_00_469.jpg,C:\Users\subha\Desktop\self-driving\IMG\left_2024_05_21_14_04_00_469.jpg,C:\Users\subha\Desktop\self-driving\IMG\right_2024_05_21_14_04_00_469.jpg,0.35,0,0,28.53076
C:\Users\subha\Desktop\self-driving\IMG\center_2024_05_21_14_04_00_548.jpg,C:\Users\subha\Desktop\self-driving\IMG\left_2024_05_21_14_04_00_548.jpg,C:\Users\subha\Desktop\self-driving\IMG\right_2024_05_21_14_04_00_548.jpg,0.5500001,0,0,27.6712
C:\Users\subha\Desktop\self-driving\IMG\center_2024_05_21_14_04_00_623.jpg,C:\Users\subha\Desktop\self-driving\IMG\left_2024_05_21_14_04_00_623.jpg,C:\Users\subha\Desktop\self-driving\IMG\right_2024_05_21_14_04_00_623.jpg,0.7,0,0,25.46195
C:\Users\subha\Desktop\self-driving\IMG\center_2024_05_21_14_04_00_699.jpg,C:\Users\subha\Desktop\self-driving\IMG\left_2024_05_21_14_04_00_699.jpg,C:\Users\subha\Desktop\self-driving\IMG\right_2024_05_21_14_04_00_699.jpg,0.9000002,0,0,23.32685
C:\Users\subha\Desktop\self-driving\IMG\center_2024_05_21_14_04_00_776.jpg,C:\Users\subha\Desktop\self-driving\IMG\left_2024_05_21_14_04_00_776.jpg,C:\Users\subha\Desktop\self-driving\IMG\right_2024_05_21_14_04_00_776.jpg,1,0,0,22.45201
C:\Users\subha\Desktop\self-driving\IMG\center_2024_05_21_14_04_00_847.jpg,C:\Users\subha\Desktop\self-driving\IMG\left_2024_05_21_14_04_00_847.jpg,C:\Users\subha\Desktop\self-driving\IMG\right_2024_05_21_14_04_00_847.jpg,1,0,0,21.70485
C:\Users\subha\Desktop\self-driving\IMG\center_2024_05_21_14_04_00_917.jpg,C:\Users\subha\Desktop\self-driving\IMG\left_2024_05_21_14_04_00_917.jpg,C:\Users\subha\Desktop\self-driving\IMG\right_2024_05_21_14_04_00_917.jpg,1,0,0,21.3282
C:\Users\subha\Desktop\self-driving\IMG\center_2024_05_21_14_04_00_999.jpg,C:\Users\subha\Desktop\self-driving\IMG\left_2024_05_21_14_04_00_999.jpg,C:\Users\subha\Desktop\self-driving\IMG\right_2024_05_21_14_04_00_999.jpg,1,0,0,20.86121
C:\Users\subha\Desktop\self-driving\IMG\center_2024_05_21_14_04_01_078.jpg,C:\Users\subha\Desktop\self-driving\IMG\left_2024_05_21_14_04_01_078.jpg,C:\Users\subha\Desktop\self-driving\IMG\right_2024_05_21_14_04_01_078.jpg,1,0,0,20.7804
C:\Users\subha\Desktop\self-driving\IMG\center_2024_05_21_14_04_01_145.jpg,C:\Users\subha\Desktop\self-driving\IMG\left_2024_05_21_14_04_01_145.jpg,C:\Users\subha\Desktop\self-driving\IMG\right_2024_05_21_14_04_01_145.jpg,1,0,0,20.66437
C:\Users\subha\Desktop\self-driving\IMG\center_2024_05_21_14_04_01_218.jpg,C:\Users\subha\Desktop\self-driving\IMG\left_2024_05_21_14_04_01_218.jpg,C:\Users\subha\Desktop\self-driving\IMG\right_2024_05_21_14_04_01_218.jpg,0,0,0,20.61267
C:\Users\subha\Desktop\self-driving\IMG\center_2024_05_21_14_04_01_296.jpg,C:\Users\subha\Desktop\self-driving\IMG\left_2024_05_21_14_04_01_296.jpg,C:\Users\subha\Desktop\self-driving\IMG\right_2024_05_21_14_04_01_296.jpg,0,0,0,20.41888
C:\Users\subha\Desktop\self-driving\IMG\center_2024_05_21_14_04_01_372.jpg,C:\Users\subha\Desktop\self-driving\IMG\left_2024_05_21_14_04_01_372.jpg,C:\Users\subha\Desktop\self-driving\IMG\right_2024_05_21_14_04_01_372.jpg,0,0,0,20.33497
C:\Users\subha\Desktop\self-driving\IMG\center_2024_05_21_14_04_01_442.jpg,C:\Users\subha\Desktop\self-driving\IMG\left_2024_05_21_14_04_01_442.jpg,C:\Users\subha\Desktop\self-driving\IMG\right_2024_05_21_14_04_01_442.jpg,0,0,0,6.905691
C:\Users\subha\Desktop\self-driving\IMG\center_2024_05_21_14_04_01_523.jpg,C:\Users\subha\Desktop\self-driving\IMG\left_2024_05_21_14_04_01_523.jpg,C:\Users\subha\Desktop\self-driving\IMG\right_2024_05_21_14_04_01_523.jpg,0,0,0,5.56556
C:\Users\subha\Desktop\self-driving\IMG\center_2024_05_21_14_04_01_601.jpg,C:\Users\subha\Desktop\self-driving\IMG\left_2024_05_21_14_04_01_601.jpg,C:\Users\subha\Desktop\self-driving\IMG\right_2024_05_21_14_04_01_601.jpg,0,0,0,4.511019
C:\Users\subha\Desktop\self-driving\IMG\center_2024_05_21_14_04_01_679.jpg,C:\Users\subha\Desktop\self-driving\IMG\left_2024_05_21_14_04_01_679.jpg,C:\Users\subha\Desktop\self-driving\IMG\right_2024_05_21_14_04_01_679.jpg,0,0,0,3.307549
C:\Users\subha\Desktop\self-driving\IMG\center_2024_05_21_14_04_01_759.jpg,C:\Users\subha\Desktop\self-driving\IMG\left_2024_05_21_14_04_01_759.jpg,C:\Users\subha\Desktop\self-driving\IMG\right_2024_05_21_14_04_01_759.jpg,0,0,0,2.413316
C:\Users\subha\Desktop\self-driving\IMG\center_2024_05_21_14_04_01_835.jpg,C:\Users\subha\Desktop\self-driving\IMG\left_2024_05_21_14_04_01_835.jpg,C:\Users\subha\Desktop\self-driving\IMG\right_2024_05_21_14_04_01_835.jpg,0,0,0,1.663101
C:\Users\subha\Desktop\self-driving\IMG\center_2024_05_21_14_04_01_912.jpg,C:\Users\subha\Desktop\self-driving\IMG\left_2024_05_21_14_04_01_912.jpg,C:\Users\subha\Desktop\self-driving\IMG\right_2024_05_21_14_04_01_912.jpg,0,0,0,0.9554506
C:\Users\subha\Desktop\self-driving\IMG\center_2024_05_21_14_04_01_989.jpg,C:\Users\subha\Desktop\self-driving\IMG\left_2024_05_21_14_04_01_989.jpg,C:\Users\subha\Desktop\self-driving\IMG\right_2024_05_21_14_04_01_989.jpg,0,0,0,0.1502386
C:\Users\subha\Desktop\self-driving\IMG\center_2024_05_21_14_04_02_065.jpg,C:\Users\subha\Desktop\self-driving\IMG\left_2024_05_21_14_04_02_065.jpg,C:\Users\subha\Desktop\self-driving\IMG\right_2024_05_21_14_04_02_065.jpg,0,0,0,0.01202673
C:\Users\subha\Desktop\self-driving\IMG\center_2024_05_21_14_04_02_144.jpg,C:\Users\subha\Desktop\self-driving\IMG\left_2024_05_21_14_04_02_144.jpg,C:\Users\subha\Desktop\self-driving\IMG\right_2024_05_21_14_04_02_144.jpg,0,0,0,0.02168311
C:\Users\subha\Desktop\self-driving\IMG\center_2024_05_21_14_04_02_224.jpg,C:\Users\subha\Desktop\self-driving\IMG\left_2024_05_21_14_04_02_224.jpg,C:\Users\subha\Desktop\self-driving\IMG\right_2024_05_21_14_04_02_224.jpg,0,0,0,0.02984404
C:\Users\subha\Desktop\self-driving\IMG\center_2024_05_21_14_04_02_301.jpg,C:\Users\subha\Desktop\self-driving\IMG\left_2024_05_21_14_04_02_301.jpg,C:\Users\subha\Desktop\self-driving\IMG\right_2024_05_21_14_04_02_301.jpg,0,0,0,0.0199276
C:\Users\subha\Desktop\self-driving\IMG\center_2024_05_21_14_04_02_375.jpg,C:\Users\subha\Desktop\self-driving\IMG\left_2024_05_21_14_04_02_375.jpg,C:\Users\subha\Desktop\self-driving\IMG\right_2024_05_21_14_04_02_375.jpg,0,0,0,0.003655802
C:\Users\subha\Desktop\self-driving\IMG\center_2024_05_21_14_04_02_453.jpg,C:\Users\subha\Desktop\self-driving\IMG\left_2024_05_21_14_04_02_453.jpg,C:\Users\subha\Desktop\self-driving\IMG\right_2024_05_21_14_04_02_453.jpg,0,0,0,0.003377374
C:\Users\subha\Desktop\self-driving\IMG\center_2024_05_21_14_04_02_527.jpg,C:\Users\subha\Desktop\self-driving\IMG\left_2024_05_21_14_04_02_527.jpg,C:\Users\subha\Desktop\self-driving\IMG\right_2024_05_21_14_04_02_527.jpg,0,0,0,0.002429312
C:\Users\subha\Desktop\self-driving\IMG\center_2024_05_21_14_04_02_602.jpg,C:\Users\subha\Desktop\self-driving\IMG\left_2024_05_21_14_04_02_602.jpg,C:\Users\subha\Desktop\self-driving\IMG\right_2024_05_21_14_04_02_602.jpg,0,0,0,0.002610772
C:\Users\subha\Desktop\self-driving\IMG\center_2024_05_21_14_04_02_677.jpg,C:\Users\subha\Desktop\self-driving\IMG\left_2024_05_21_14_04_02_677.jpg,C:\Users\subha\Desktop\self-driving\IMG\right_2024_05_21_14_04_02_677.jpg,0,0,0,0.0007979056
C:\Users\subha\Desktop\self-driving\IMG\center_2024_05_21_14_04_02_751.jpg,C:\Users\subha\Desktop\self-driving\IMG\left_2024_05_21_14_04_02_751.jpg,C:\Users\subha\Desktop\self-driving\IMG\right_2024_05_21_14_04_02_751.jpg,0,0,0,0.0009245149
C:\Users\subha\Desktop\self-driving\IMG\center_2024_05_21_14_04_02_825.jpg,C:\Users\subha\Desktop\self-driving\IMG\left_2024_05_21_14_04_02_825.jpg,C:\Users\subha\Desktop\self-driving\IMG\right_2024_05_21_14_04_02_825.jpg,0,0,0,0.0004311367
C:\Users\subha\Desktop\self-driving\IMG\center_2024_05_21_14_04_02_902.jpg,C:\Users\subha\Desktop\self-driving\IMG\left_2024_05_21_14_04_02_902.jpg,C:\Users\subha\Desktop\self-driving\IMG\right_2024_05_21_14_04_02_902.jpg,0,0,0,0.009185615
C:\Users\subha\Desktop\self-driving\IMG\center_2024_05_21_14_04_02_980.jpg,C:\Users\subha\Desktop\self-driving\IMG\left_2024_05_21_14_04_02_980.jpg,C:\Users\subha\Desktop\self-driving\IMG\right_2024_05_21_14_04_02_980.jpg,0,0,0,0.03706677
C:\Users\subha\Desktop\self-driving\IMG\center_2024_05_21_14_04_03_060.jpg,C:\Users\subha\Desktop\self-driving\IMG\left_2024_05_21_14_04_03_060.jpg,C:\Users\subha\Desktop\self-driving\IMG\right_2024_05_21_14_04_03_060.jpg,0,0,0,0.03945208
C:\Users\subha\Desktop\self-driving\IMG\center_2024_05_21_14_04_03_170.jpg,C:\Users\subha\Desktop\self-driving\IMG\left_2024_05_21_14_04_03_170.jpg,C:\Users\subha\Desktop\self-driving\IMG\right_2024_05_21_14_04_03_170.jpg,0,0,0,0.02895091
